Quote,Date,Open,High,Low,Close,Adj Close,Volume
TSLA,2023-01-26,159.970001,161.419998,154.759995,160.270004,160.270004,234815100
TSLA,2023-01-27,162.429993,180.679993,161.169998,177.899994,177.899994,306590600
TSLA,2023-01-30,178.050003,179.770004,166.5,166.660004,166.660004,230878800
TSLA,2023-01-31,164.570007,174.300003,162.779999,173.220001,173.220001,196813500
TSLA,2023-02-01,173.889999,183.809998,169.929993,181.410004,181.410004,213806300
TSLA,2023-02-02,187.330002,196.75,182.610001,188.270004,188.270004,217448300
TSLA,2023-02-03,183.949997,199.0,183.690002,189.979996,189.979996,232662000
TSLA,2023-02-06,193.009995,198.169998,189.919998,194.759995,194.759995,186188100
TSLA,2023-02-07,196.429993,197.5,189.550003,196.809998,196.809998,186010300
TSLA,2023-02-08,196.100006,203.0,194.309998,201.289993,201.289993,180673600
TSLA,2023-02-09,207.779999,214.0,204.770004,207.320007,207.320007,215431400
TSLA,2023-02-10,202.229996,206.199997,192.889999,196.889999,196.889999,204754100
TSLA,2023-02-13,194.419998,196.300003,187.610001,194.639999,194.639999,172475500
TSLA,2023-02-14,191.940002,209.820007,189.440002,209.25,209.25,216455700
TSLA,2023-02-15,211.759995,214.660004,206.110001,214.240005,214.240005,181006400
TSLA,2023-02-16,210.779999,217.649994,201.839996,202.039993,202.039993,229586500
TSLA,2023-02-17,199.990005,208.440002,197.5,208.309998,208.309998,213738500
TSLA,2023-02-21,204.990005,209.710007,197.220001,197.369995,197.369995,180018600
TSLA,2023-02-22,197.929993,201.990005,191.779999,200.860001,200.860001,191828500
TSLA,2023-02-23,203.910004,205.139999,196.330002,202.070007,202.070007,146360000
TSLA,2023-02-24,196.330002,197.669998,192.800003,196.880005,196.880005,142228100
TSLA,2023-02-27,202.029999,209.419998,201.259995,207.630005,207.630005,161028300
TSLA,2023-02-28,210.589996,211.229996,203.75,205.710007,205.710007,153144900
TSLA,2023-03-01,206.210007,207.199997,198.520004,202.770004,202.770004,156852800
TSLA,2023-03-02,186.740005,193.75,186.009995,190.899994,190.899994,181500700
TSLA,2023-03-03,194.800003,200.479996,192.880005,197.789993,197.789993,154193300
TSLA,2023-03-06,198.539993,198.600006,192.300003,193.809998,193.809998,128100100
TSLA,2023-03-07,191.380005,194.199997,186.100006,187.710007,187.710007,148125800
TSLA,2023-03-08,185.039993,186.5,180.0,182.0,182.0,151897800
TSLA,2023-03-09,180.25,185.179993,172.509995,172.919998,172.919998,170023800
TSLA,2023-03-10,175.130005,178.289993,168.440002,173.440002,173.440002,191488900
TSLA,2023-03-13,167.460007,177.350006,163.910004,174.479996,174.479996,167790300
TSLA,2023-03-14,177.309998,183.800003,177.139999,183.259995,183.259995,143717900
TSLA,2023-03-15,180.800003,182.339996,176.029999,180.449997,180.449997,145995600
TSLA,2023-03-16,180.369995,185.809998,178.839996,184.130005,184.130005,121136800
TSLA,2023-03-17,184.520004,186.220001,177.330002,180.130005,180.130005,133197100
TSLA,2023-03-20,178.080002,186.440002,176.350006,183.25,183.25,129684400
TSLA,2023-03-21,188.279999,198.0,188.039993,197.580002,197.580002,153391400
TSLA,2023-03-22,199.300003,200.660004,190.949997,191.149994,191.149994,150376400
TSLA,2023-03-23,195.259995,199.309998,188.649994,192.220001,192.220001,144193900
TSLA,2023-03-24,191.649994,192.360001,187.149994,190.410004,190.410004,116312400
TSLA,2023-03-27,194.419998,197.389999,189.940002,191.809998,191.809998,120851600
TSLA,2023-03-28,192.0,192.350006,185.429993,189.190002,189.190002,98654600
TSLA,2023-03-29,193.130005,195.289993,189.440002,193.880005,193.880005,123660000
TSLA,2023-03-30,195.580002,197.330002,194.419998,195.279999,195.279999,110252200
TSLA,2023-03-31,197.529999,207.789993,197.199997,207.460007,207.460007,170222100
TSLA,2023-04-03,199.910004,202.690002,192.199997,194.770004,194.770004,169545900
TSLA,2023-04-04,197.320007,198.740005,190.320007,192.580002,192.580002,126463800
TSLA,2023-04-05,190.520004,190.679993,183.759995,185.520004,185.520004,133882500
TSLA,2023-04-06,183.080002,186.389999,179.740005,185.059998,185.059998,123857900
TSLA,2023-04-10,179.940002,185.100006,176.110001,184.509995,184.509995,142154600
TSLA,2023-04-11,186.690002,189.190002,185.649994,186.789993,186.789993,115770900
TSLA,2023-04-12,190.740005,191.580002,180.309998,180.539993,180.539993,150256300
TSLA,2023-04-13,182.960007,186.5,180.940002,185.899994,185.899994,112933000
TSLA,2023-04-14,183.949997,186.279999,182.009995,185.0,185.0,96438700
TSLA,2023-04-17,186.320007,189.690002,182.690002,187.039993,187.039993,116662200
TSLA,2023-04-18,187.149994,187.690002,183.580002,184.309998,184.309998,92067000
TSLA,2023-04-19,179.100006,183.5,177.649994,180.589996,180.589996,125732700
TSLA,2023-04-20,166.169998,169.699997,160.559998,162.990005,162.990005,210970800
TSLA,2023-04-21,164.800003,166.0,161.320007,165.080002,165.080002,123539000
TSLA,2023-04-24,164.649994,165.649994,158.610001,162.550003,162.550003,140006600
TSLA,2023-04-25,159.820007,163.470001,158.75,160.669998,160.669998,121999300
TSLA,2023-04-26,160.289993,160.669998,153.139999,153.75,153.75,153364100
TSLA,2023-04-27,152.639999,160.479996,152.369995,160.190002,160.190002,127015200
TSLA,2023-04-28,160.899994,165.0,157.320007,164.309998,164.309998,122515800
TSLA,2023-05-01,163.169998,163.279999,158.830002,161.830002,161.830002,109015000
TSLA,2023-05-02,161.880005,165.490005,158.929993,160.309998,160.309998,128259700
TSLA,2023-05-03,160.009995,165.0,159.910004,160.610001,160.610001,119728000
TSLA,2023-05-04,162.710007,162.949997,159.649994,161.199997,161.199997,95108500
TSLA,2023-05-05,163.970001,170.789993,163.509995,170.059998,170.059998,107440900
TSLA,2023-05-08,173.720001,173.800003,169.190002,171.789993,171.789993,112249400
TSLA,2023-05-09,168.949997,169.820007,166.559998,169.149994,169.149994,88965000
TSLA,2023-05-10,172.550003,174.429993,166.679993,168.539993,168.539993,119840700
TSLA,2023-05-11,168.699997,173.570007,166.789993,172.080002,172.080002,103889900
TSLA,2023-05-12,176.070007,177.380005,167.229996,167.979996,167.979996,157577100
TSLA,2023-05-15,167.660004,169.759995,164.550003,166.350006,166.350006,105592500
TSLA,2023-05-16,165.649994,169.520004,164.350006,166.520004,166.520004,98288800
TSLA,2023-05-17,168.410004,174.5,167.190002,173.860001,173.860001,125473600
TSLA,2023-05-18,174.220001,177.059998,172.449997,176.889999,176.889999,109520300
TSLA,2023-05-19,177.169998,181.949997,176.309998,180.139999,180.139999,136024200
TSLA,2023-05-22,180.699997,189.320007,180.110001,188.869995,188.869995,132001400
TSLA,2023-05-23,186.199997,192.960007,185.259995,185.770004,185.770004,156952100
TSLA,2023-05-24,182.229996,184.220001,178.220001,182.899994,182.899994,137605100
TSLA,2023-05-25,186.539993,186.779999,180.580002,184.470001,184.470001,96870700
TSLA,2023-05-26,184.619995,198.600006,184.529999,193.169998,193.169998,162061500
TSLA,2023-05-30,200.100006,204.479996,197.529999,201.160004,201.160004,128818700
TSLA,2023-05-31,199.779999,203.949997,195.119995,203.929993,203.929993,150711700
TSLA,2023-06-01,202.589996,209.800003,199.369995,207.520004,207.520004,148029900
TSLA,2023-06-02,210.149994,217.25,209.75,213.970001,213.970001,164129000
TSLA,2023-06-05,217.800003,221.289993,214.520004,217.610001,217.610001,151143100
TSLA,2023-06-06,216.139999,221.910004,212.529999,221.309998,221.309998,146911600
TSLA,2023-06-07,228.0,230.830002,223.199997,224.570007,224.570007,185710800
TSLA,2023-06-08,224.220001,235.229996,223.009995,234.860001,234.860001,164489700
TSLA,2023-06-09,249.070007,252.419998,242.020004,244.399994,244.399994,199882300
TSLA,2023-06-12,247.940002,250.970001,244.589996,249.830002,249.830002,150337900
TSLA,2023-06-13,253.509995,259.679993,251.339996,258.709991,258.709991,162384300
TSLA,2023-06-14,260.170013,261.570007,250.5,256.790009,256.790009,170575500
TSLA,2023-06-15,248.399994,258.950012,247.289993,255.899994,255.899994,160171200
TSLA,2023-06-16,258.920013,263.600006,257.209991,260.540009,260.540009,167563700
TSLA,2023-06-20,261.5,274.75,261.119995,274.450012,274.450012,165611200
TSLA,2023-06-21,275.130005,276.98999,257.779999,259.459991,259.459991,211797100
TSLA,2023-06-22,250.770004,265.0,248.25,264.609985,264.609985,166875900
TSLA,2023-06-23,259.290009,262.450012,252.800003,256.600006,256.600006,176584100
TSLA,2023-06-26,250.070007,258.369995,240.699997,241.050003,241.050003,179990600
TSLA,2023-06-27,243.240005,250.389999,240.850006,250.210007,250.210007,164968200
TSLA,2023-06-28,249.699997,259.880005,248.889999,256.23999,256.23999,159770800
TSLA,2023-06-29,258.029999,260.73999,253.610001,257.5,257.5,131283400
TSLA,2023-06-30,260.600006,264.450012,259.890015,261.769989,261.769989,112267600
TSLA,2023-07-03,276.48999,284.25,275.109985,279.820007,279.820007,119685900
TSLA,2023-07-05,278.820007,283.850006,277.600006,282.480011,282.480011,131530900
TSLA,2023-07-06,278.089996,279.970001,272.880005,276.540009,276.540009,120332100
TSLA,2023-07-07,278.429993,280.779999,273.769989,274.429993,274.429993,113602000
TSLA,2023-07-10,276.470001,277.519989,265.100006,269.609985,269.609985,119425400
TSLA,2023-07-11,268.649994,270.899994,266.369995,269.790009,269.790009,91972400
TSLA,2023-07-12,276.329987,276.519989,271.459991,271.98999,271.98999,95672100
TSLA,2023-07-13,274.589996,279.450012,270.600006,277.899994,277.899994,112681500
TSLA,2023-07-14,277.01001,285.299988,276.309998,281.380005,281.380005,119771100
TSLA,2023-07-17,286.630005,292.230011,283.570007,290.380005,290.380005,131569600
TSLA,2023-07-18,290.149994,295.26001,286.01001,293.339996,293.339996,112434700
TSLA,2023-07-19,296.040009,299.290009,289.519989,291.26001,291.26001,142355400
TSLA,2023-07-20,279.559998,280.929993,261.200012,262.899994,262.899994,175158300
TSLA,2023-07-21,268.0,268.0,255.800003,260.019989,260.019989,161050100
TSLA,2023-07-24,255.850006,269.850006,254.119995,269.059998,269.059998,136508500
TSLA,2023-07-25,272.380005,272.899994,265.0,265.279999,265.279999,112757300
TSLA,2023-07-26,263.25,268.040009,261.75,264.350006,264.350006,95856200
TSLA,2023-07-27,268.309998,269.130005,255.300003,255.710007,255.710007,103697300
TSLA,2023-07-28,259.859985,267.25,258.230011,266.440002,266.440002,111446000
TSLA,2023-07-31,267.480011,269.079987,263.779999,267.429993,267.429993,84582200
TSLA,2023-08-01,266.26001,266.470001,260.25,261.070007,261.070007,83166000
TSLA,2023-08-02,255.570007,259.519989,250.490005,254.110001,254.110001,101752900
TSLA,2023-08-03,252.039993,260.48999,252.0,259.320007,259.320007,97569100
TSLA,2023-08-04,260.970001,264.769989,253.110001,253.860001,253.860001,99242600
TSLA,2023-08-07,251.449997,253.649994,242.759995,251.449997,251.449997,111097900
TSLA,2023-08-08,247.449997,250.919998,245.009995,249.699997,249.699997,96642200
TSLA,2023-08-09,250.869995,251.100006,241.899994,242.190002,242.190002,101596300
TSLA,2023-08-10,245.399994,251.800003,243.0,245.339996,245.339996,109498600
TSLA,2023-08-11,241.770004,243.789993,238.020004,242.649994,242.649994,98866600
TSLA,2023-08-14,235.699997,240.660004,233.75,239.759995,239.759995,98595300
TSLA,2023-08-15,238.729996,240.5,232.610001,232.960007,232.960007,88197600
TSLA,2023-08-16,228.020004,233.970001,225.380005,225.600006,225.600006,112484500
TSLA,2023-08-17,226.059998,226.740005,218.830002,219.220001,219.220001,120718400
TSLA,2023-08-18,214.119995,217.580002,212.360001,215.490005,215.490005,135813700
TSLA,2023-08-21,221.550003,232.130005,220.580002,231.279999,231.279999,135702700
TSLA,2023-08-22,240.25,240.820007,229.550003,233.190002,233.190002,130597900
TSLA,2023-08-23,229.339996,238.979996,229.289993,236.860001,236.860001,101077600
TSLA,2023-08-24,238.660004,238.919998,228.179993,230.039993,230.039993,99777400
TSLA,2023-08-25,231.309998,239.0,230.350006,238.589996,238.589996,106612200
TSLA,2023-08-28,242.580002,244.380005,235.350006,238.820007,238.820007,107673700
TSLA,2023-08-29,238.580002,257.480011,237.770004,257.179993,257.179993,134047600
TSLA,2023-08-30,254.199997,260.51001,250.589996,256.899994,256.899994,121988400
TSLA,2023-08-31,255.979996,261.179993,255.050003,258.079987,258.079987,108861700
TSLA,2023-09-01,257.26001,259.079987,242.009995,245.009995,245.009995,132272500
TSLA,2023-09-05,245.0,258.0,244.860001,256.48999,256.48999,129469600
TSLA,2023-09-06,255.139999,255.389999,245.059998,251.919998,251.919998,116959800
TSLA,2023-09-07,245.070007,252.809998,243.270004,251.490005,251.490005,115312900
TSLA,2023-09-08,251.220001,256.519989,246.669998,248.5,248.5,118367700
TSLA,2023-09-11,264.269989,274.850006,260.609985,273.579987,273.579987,174667900
TSLA,2023-09-12,270.76001,278.390015,266.600006,267.480011,267.480011,135999900
TSLA,2023-09-13,270.070007,274.980011,268.100006,271.299988,271.299988,111673700
TSLA,2023-09-14,271.320007,276.709991,270.420013,276.040009,276.040009,107709800
TSLA,2023-09-15,277.549988,278.980011,271.0,274.390015,274.390015,133422800
TSLA,2023-09-18,271.160004,271.440002,263.76001,265.279999,265.279999,101543300
TSLA,2023-09-19,264.350006,267.850006,261.200012,266.5,266.5,103704000
TSLA,2023-09-20,267.040009,273.929993,262.459991,262.589996,262.589996,122514600
TSLA,2023-09-21,257.850006,260.859985,254.210007,255.699997,255.699997,119531000
TSLA,2023-09-22,257.399994,257.790009,244.479996,244.880005,244.880005,127524100
TSLA,2023-09-25,243.380005,247.100006,238.309998,246.990005,246.990005,104636600
TSLA,2023-09-26,242.979996,249.550003,241.660004,244.119995,244.119995,101993600
TSLA,2023-09-27,244.259995,245.330002,234.580002,240.5,240.5,136597200
TSLA,2023-09-28,240.020004,247.550003,238.649994,246.380005,246.380005,117058900
TSLA,2023-09-29,250.0,254.770004,246.350006,250.220001,250.220001,128346200
TSLA,2023-10-02,244.809998,254.279999,242.619995,251.600006,251.600006,123810400
TSLA,2023-10-03,248.610001,250.020004,244.449997,246.529999,246.529999,101985300
TSLA,2023-10-04,248.139999,261.859985,247.600006,261.160004,261.160004,129721600
TSLA,2023-10-05,260.0,263.600006,256.25,260.049988,260.049988,119159200
TSLA,2023-10-06,253.979996,261.649994,250.649994,260.529999,260.529999,117947000
TSLA,2023-10-09,255.309998,261.359985,252.050003,259.670013,259.670013,101377900
TSLA,2023-10-10,257.75,268.940002,257.649994,263.619995,263.619995,122656000
TSLA,2023-10-11,266.200012,268.600006,260.899994,262.98999,262.98999,103706300
TSLA,2023-10-12,262.920013,265.410004,256.630005,258.869995,258.869995,111508100
TSLA,2023-10-13,258.899994,259.600006,250.220001,251.119995,251.119995,102073800
TSLA,2023-10-16,250.050003,255.399994,248.479996,253.919998,253.919998,88917200
TSLA,2023-10-17,250.100006,257.179993,247.080002,254.850006,254.850006,93562900
TSLA,2023-10-18,252.699997,254.630005,242.080002,242.679993,242.679993,125147800
TSLA,2023-10-19,225.949997,230.610001,216.779999,220.110001,220.110001,170772700
TSLA,2023-10-20,217.009995,218.860001,210.419998,211.990005,211.990005,137734000
TSLA,2023-10-23,210.0,216.979996,202.509995,212.080002,212.080002,150683400
TSLA,2023-10-24,216.5,222.050003,214.110001,216.520004,216.520004,118231100
TSLA,2023-10-25,215.880005,220.100006,212.199997,212.419998,212.419998,107065100
TSLA,2023-10-26,211.320007,214.800003,204.880005,205.759995,205.759995,115112600
TSLA,2023-10-27,210.600006,212.410004,205.770004,207.300003,207.300003,94881200
TSLA,2023-10-30,209.279999,210.880005,194.669998,197.360001,197.360001,136448200
TSLA,2023-10-31,196.119995,202.800003,194.070007,200.839996,200.839996,118068300
TSLA,2023-11-01,204.039993,205.990005,197.850006,205.660004,205.660004,121661700
TSLA,2023-11-02,212.970001,219.199997,211.449997,218.509995,218.509995,125987600
TSLA,2023-11-03,221.149994,226.369995,218.399994,219.960007,219.960007,119281000
TSLA,2023-11-06,223.979996,226.320007,215.0,219.270004,219.270004,117335800
TSLA,2023-11-07,219.979996,223.119995,215.720001,222.179993,222.179993,116900100
TSLA,2023-11-08,223.149994,224.149994,217.639999,222.110001,222.110001,106584800
TSLA,2023-11-09,219.75,220.800003,206.679993,209.979996,209.979996,142110500
TSLA,2023-11-10,210.029999,215.380005,205.690002,214.649994,214.649994,130994000
TSLA,2023-11-13,215.600006,225.399994,211.610001,223.710007,223.710007,140447600
TSLA,2023-11-14,235.029999,238.139999,230.720001,237.410004,237.410004,149771600
TSLA,2023-11-15,239.289993,246.699997,236.449997,242.839996,242.839996,150354000
TSLA,2023-11-16,239.490005,240.880005,230.960007,233.589996,233.589996,136816800
TSLA,2023-11-17,232.0,237.389999,226.539993,234.300003,234.300003,142532800
TSLA,2023-11-20,234.039993,237.100006,231.020004,235.600006,235.600006,116320100
TSLA,2023-11-21,235.039993,243.619995,233.339996,241.199997,241.199997,122288000
TSLA,2023-11-22,242.039993,244.009995,231.399994,234.210007,234.210007,117950600
TSLA,2023-11-24,233.75,238.75,232.330002,235.449997,235.449997,65125200
TSLA,2023-11-27,236.889999,238.330002,232.100006,236.080002,236.080002,112031800
TSLA,2023-11-28,236.679993,247.0,234.009995,246.720001,246.720001,148549900
TSLA,2023-11-29,249.210007,252.75,242.759995,244.139999,244.139999,135401300
TSLA,2023-11-30,245.139999,245.220001,236.910004,240.080002,240.080002,132353200
TSLA,2023-12-01,233.139999,240.190002,231.899994,238.830002,238.830002,121173500
TSLA,2023-12-04,235.75,239.369995,233.289993,235.580002,235.580002,104099800
TSLA,2023-12-05,233.869995,246.660004,233.699997,238.720001,238.720001,137971100
TSLA,2023-12-06,242.919998,246.570007,239.169998,239.369995,239.369995,126436200
TSLA,2023-12-07,241.550003,244.080002,236.979996,242.639999,242.639999,107142300
TSLA,2023-12-08,240.270004,245.270004,239.270004,243.839996,243.839996,102980100
TSLA,2023-12-11,242.740005,243.440002,237.449997,239.740005,239.740005,97913900
TSLA,2023-12-12,238.550003,238.990005,233.869995,237.009995,237.009995,95328300
TSLA,2023-12-13,234.190002,240.300003,228.199997,239.289993,239.289993,146286300
TSLA,2023-12-14,241.220001,253.880005,240.789993,251.050003,251.050003,160829200
TSLA,2023-12-15,251.210007,254.130005,248.300003,253.5,253.5,135720800
TSLA,2023-12-18,253.779999,258.73999,251.360001,252.080002,252.080002,116416500
TSLA,2023-12-19,253.479996,258.339996,253.009995,257.220001,257.220001,106737400
TSLA,2023-12-20,256.410004,259.839996,247.0,247.139999,247.139999,125097000
TSLA,2023-12-21,251.899994,254.800003,248.550003,254.5,254.5,109594200
TSLA,2023-12-22,256.76001,258.220001,251.369995,252.539993,252.539993,93249800
TSLA,2023-12-26,254.490005,257.970001,252.910004,256.609985,256.609985,86892400
TSLA,2023-12-27,258.350006,263.339996,257.519989,261.440002,261.440002,106494400
TSLA,2023-12-28,263.660004,265.130005,252.710007,253.179993,253.179993,113619900
TSLA,2023-12-29,255.100006,255.190002,247.429993,248.479996,248.479996,100615300
TSLA,2024-01-02,250.080002,251.25,244.410004,248.419998,248.419998,104654200
TSLA,2024-01-03,244.979996,245.679993,236.320007,238.449997,238.449997,121082600
TSLA,2024-01-04,239.25,242.699997,237.729996,237.929993,237.929993,102629300
TSLA,2024-01-05,236.860001,240.119995,234.899994,237.490005,237.490005,92379400
TSLA,2024-01-08,236.139999,241.25,235.300003,240.449997,240.449997,85166600
TSLA,2024-01-09,238.110001,238.960007,232.039993,234.960007,234.960007,96705700
TSLA,2024-01-10,235.100006,235.5,231.289993,233.940002,233.940002,91628500
TSLA,2024-01-11,230.570007,230.929993,225.369995,227.220001,227.220001,105873600
TSLA,2024-01-12,220.080002,225.339996,217.149994,218.889999,218.889999,122889000
TSLA,2024-01-16,215.100006,223.490005,212.179993,219.910004,219.910004,115355000
TSLA,2024-01-17,214.860001,215.669998,212.009995,215.550003,215.550003,103164400
TSLA,2024-01-18,216.880005,217.449997,208.740005,211.880005,211.880005,108595400
TSLA,2024-01-19,209.990005,213.190002,207.559998,212.190002,212.190002,102095800
TSLA,2024-01-22,212.259995,217.800003,206.270004,208.800003,208.800003,117952500
TSLA,2024-01-23,211.300003,215.649994,207.75,209.139999,209.139999,106605900
TSLA,2024-01-24,211.880005,212.729996,206.770004,207.830002,207.830002,123369900
TSLA,2024-01-25,189.699997,193.0,180.059998,182.630005,182.630005,198076800
TSLA,2024-01-26,185.5,186.779999,182.100006,183.25,183.25,107063400
SWVL,2023-01-26,4.14,4.14,3.466,3.65,3.65,559400
SWVL,2023-01-27,3.46,3.47,3.06,3.18,3.18,343900
SWVL,2023-01-30,3.31,3.35,3.06,3.24,3.24,233400
SWVL,2023-01-31,3.24,3.36,3.02,3.16,3.16,273000
SWVL,2023-02-01,3.23,3.23,3.03,3.16,3.16,378000
SWVL,2023-02-02,3.28,3.28,3.1,3.18,3.18,563800
SWVL,2023-02-03,3.2,3.25,3.06,3.2,3.2,231100
SWVL,2023-02-06,3.18,3.2,3.042,3.11,3.11,227600
SWVL,2023-02-07,3.05,3.14,3.01,3.13,3.13,125700
SWVL,2023-02-08,3.13,3.174,2.79,2.86,2.86,200400
SWVL,2023-02-09,2.93,2.93,2.71,2.75,2.75,112200
SWVL,2023-02-10,2.75,2.75,2.41,2.47,2.47,215900
SWVL,2023-02-13,2.45,2.46,2.3,2.375,2.375,101300
SWVL,2023-02-14,2.35,2.422,2.25,2.39,2.39,54700
SWVL,2023-02-15,2.34,2.55,2.34,2.45,2.45,82800
SWVL,2023-02-16,2.41,2.53,2.24,2.292,2.292,87800
SWVL,2023-02-17,2.28,2.33,2.11,2.24,2.24,71700
SWVL,2023-02-21,2.17,2.29,2.11,2.12,2.12,57900
SWVL,2023-02-22,2.11,2.23,2.07,2.16,2.16,34600
SWVL,2023-02-23,2.18,2.2,2.02,2.06,2.06,153400
SWVL,2023-02-24,2.04,2.1,1.86,1.95,1.95,115400
SWVL,2023-02-27,1.89,2.07,1.89,2.066,2.066,61000
SWVL,2023-02-28,2.031,2.12,1.95,2.04,2.04,63300
SWVL,2023-03-01,2.04,2.24,2.03,2.06,2.06,77100
SWVL,2023-03-02,2.0,2.055,1.83,1.88,1.88,85000
SWVL,2023-03-03,1.94,2.0,1.87,1.95,1.95,65400
SWVL,2023-03-06,1.95,1.95,1.85,1.91,1.91,25800
SWVL,2023-03-07,1.91,1.95,1.79,1.82,1.82,30600
SWVL,2023-03-08,1.79,1.85,1.675,1.71,1.71,37900
SWVL,2023-03-09,1.69,1.77,1.517,1.58,1.58,168300
SWVL,2023-03-10,1.61,1.62,1.5,1.5,1.5,75400
SWVL,2023-03-13,1.47,1.55,1.42,1.55,1.55,76300
SWVL,2023-03-14,1.54,1.7,1.51,1.54,1.54,96400
SWVL,2023-03-15,1.52,1.59,1.4,1.45,1.45,65200
SWVL,2023-03-16,1.41,1.46,1.353,1.4,1.4,120300
SWVL,2023-03-17,1.4,1.41,1.22,1.29,1.29,75700
SWVL,2023-03-20,1.29,1.301,1.23,1.23,1.23,44700
SWVL,2023-03-21,1.27,1.3,1.16,1.22,1.22,97700
SWVL,2023-03-22,1.197,1.239,1.15,1.16,1.16,74900
SWVL,2023-03-23,1.17,1.27,1.11,1.22,1.22,115700
SWVL,2023-03-24,1.185,1.2,1.17,1.18,1.18,36200
SWVL,2023-03-27,1.23,1.3,1.193,1.3,1.3,80500
SWVL,2023-03-28,1.299,1.35,1.25,1.25,1.25,87200
SWVL,2023-03-29,1.29,1.31,1.25,1.31,1.31,12200
SWVL,2023-03-30,1.32,1.41,1.32,1.33,1.33,33500
SWVL,2023-03-31,1.323,1.395,1.32,1.33,1.33,64300
SWVL,2023-04-03,1.2,1.22,1.12,1.16,1.16,168500
SWVL,2023-04-04,1.171,1.23,1.165,1.18,1.18,28000
SWVL,2023-04-05,1.18,1.189,1.12,1.12,1.12,29000
SWVL,2023-04-06,1.132,1.148,1.08,1.11,1.11,28000
SWVL,2023-04-10,1.11,1.15,1.07,1.1,1.1,24400
SWVL,2023-04-11,1.1,1.15,1.08,1.08,1.08,84400
SWVL,2023-04-12,1.07,1.139,1.06,1.1,1.1,30800
SWVL,2023-04-13,1.1,1.11,1.07,1.09,1.09,49400
SWVL,2023-04-14,1.06,1.12,1.04,1.077,1.077,145000
SWVL,2023-04-17,1.11,1.13,1.05,1.1,1.1,122700
SWVL,2023-04-18,1.11,1.14,1.07,1.14,1.14,67400
SWVL,2023-04-19,1.13,1.16,1.11,1.13,1.13,47600
SWVL,2023-04-20,1.13,1.38,1.13,1.34,1.34,282700
SWVL,2023-04-21,1.36,1.36,1.16,1.25,1.25,138400
SWVL,2023-04-24,1.19,1.245,1.13,1.2,1.2,37000
SWVL,2023-04-25,1.25,1.25,1.18,1.22,1.22,57900
SWVL,2023-04-26,1.24,1.26,1.13,1.22,1.22,40300
SWVL,2023-04-27,1.23,1.267,1.18,1.2,1.2,35600
SWVL,2023-04-28,1.24,1.24,1.17,1.17,1.17,35500
SWVL,2023-05-01,1.28,1.29,1.19,1.21,1.21,62800
SWVL,2023-05-02,1.24,1.241,1.2,1.23,1.23,37700
SWVL,2023-05-03,1.21,1.25,1.18,1.23,1.23,22500
SWVL,2023-05-04,1.21,1.22,1.17,1.216,1.216,22700
SWVL,2023-05-05,1.2,1.23,1.175,1.2,1.2,35800
SWVL,2023-05-08,1.17,1.26,1.14,1.17,1.17,32100
SWVL,2023-05-09,1.22,1.26,1.13,1.16,1.16,18200
SWVL,2023-05-10,1.1,1.4,1.1,1.24,1.24,222800
SWVL,2023-05-11,1.24,1.27,1.155,1.22,1.22,22700
SWVL,2023-05-12,1.16,1.25,1.16,1.2,1.2,15600
SWVL,2023-05-15,1.18,1.23,1.13,1.22,1.22,34100
SWVL,2023-05-16,1.2,1.34,1.2,1.3,1.3,181800
SWVL,2023-05-17,1.3,1.46,1.261,1.3,1.3,85000
SWVL,2023-05-18,1.28,1.31,1.2,1.31,1.31,32300
SWVL,2023-05-19,1.34,1.34,1.21,1.23,1.23,39700
SWVL,2023-05-22,1.29,1.29,1.19,1.19,1.19,20200
SWVL,2023-05-23,1.24,1.242,1.2,1.24,1.24,15800
SWVL,2023-05-24,1.27,1.27,1.154,1.21,1.21,22400
SWVL,2023-05-25,1.15,1.218,1.15,1.18,1.18,27000
SWVL,2023-05-26,1.18,1.18,1.14,1.15,1.15,10000
SWVL,2023-05-30,1.18,1.19,1.13,1.17,1.17,23900
SWVL,2023-05-31,1.2,1.22,1.13,1.2,1.2,11700
SWVL,2023-06-01,1.17,1.2,1.13,1.16,1.16,10900
SWVL,2023-06-02,1.173,1.24,1.17,1.19,1.19,12700
SWVL,2023-06-05,1.164,1.215,1.164,1.19,1.19,13200
SWVL,2023-06-06,1.21,1.22,1.159,1.18,1.18,21100
SWVL,2023-06-07,1.172,1.24,1.16,1.21,1.21,19700
SWVL,2023-06-08,1.205,1.28,1.16,1.23,1.23,31800
SWVL,2023-06-09,1.23,1.27,1.203,1.22,1.22,31600
SWVL,2023-06-12,1.237,1.35,1.23,1.3,1.3,63300
SWVL,2023-06-13,1.26,1.3,1.25,1.26,1.26,36800
SWVL,2023-06-14,1.31,1.35,1.19,1.19,1.19,58300
SWVL,2023-06-15,1.2,1.259,1.126,1.16,1.16,47000
SWVL,2023-06-16,1.18,1.21,1.14,1.14,1.14,17900
SWVL,2023-06-20,1.15,1.28,1.15,1.2,1.2,32700
SWVL,2023-06-21,1.21,1.222,1.15,1.17,1.17,28900
SWVL,2023-06-22,1.2,1.22,1.17,1.18,1.18,15500
SWVL,2023-06-23,1.17,1.21,1.16,1.16,1.16,36800
SWVL,2023-06-26,1.21,1.21,1.14,1.2,1.2,24100
SWVL,2023-06-27,1.2,1.21,1.17,1.19,1.19,11800
SWVL,2023-06-28,1.175,1.195,1.14,1.17,1.17,13000
SWVL,2023-06-29,1.165,1.2,1.165,1.2,1.2,16000
SWVL,2023-06-30,1.21,1.26,1.184,1.24,1.24,9100
SWVL,2023-07-03,1.22,1.24,1.21,1.24,1.24,6500
SWVL,2023-07-05,1.2,1.28,1.18,1.25,1.25,17300
SWVL,2023-07-06,1.19,1.25,1.16,1.24,1.24,26600
SWVL,2023-07-07,1.2,1.24,1.2,1.23,1.23,17500
SWVL,2023-07-10,1.234,1.24,1.172,1.21,1.21,13900
SWVL,2023-07-11,1.27,1.27,1.18,1.205,1.205,16400
SWVL,2023-07-12,1.22,1.24,1.18,1.24,1.24,7700
SWVL,2023-07-13,1.2,1.25,1.19,1.25,1.25,10900
SWVL,2023-07-14,1.23,1.23,1.19,1.23,1.23,14400
SWVL,2023-07-17,1.23,1.33,1.2,1.28,1.28,121300
SWVL,2023-07-18,1.25,1.31,1.19,1.23,1.23,24800
SWVL,2023-07-19,1.26,1.26,1.192,1.23,1.23,20300
SWVL,2023-07-20,1.27,1.27,1.21,1.22,1.22,8900
SWVL,2023-07-21,1.25,1.25,1.19,1.2,1.2,11200
SWVL,2023-07-24,1.23,1.23,1.2,1.22,1.22,10100
SWVL,2023-07-25,1.2,1.239,1.18,1.191,1.191,11900
SWVL,2023-07-26,1.21,1.21,1.12,1.12,1.12,58300
SWVL,2023-07-27,1.16,1.16,1.07,1.11,1.11,11400
SWVL,2023-07-28,1.118,1.16,1.11,1.11,1.11,42500
SWVL,2023-07-31,1.11,1.168,1.11,1.16,1.16,19300
SWVL,2023-08-01,1.16,1.16,1.1,1.12,1.12,22500
SWVL,2023-08-02,1.13,1.13,1.07,1.078,1.078,23100
SWVL,2023-08-03,1.1,1.1,1.05,1.077,1.077,30800
SWVL,2023-08-04,1.07,1.07,1.03,1.035,1.035,15800
SWVL,2023-08-07,1.07,1.1,1.0,1.07,1.07,58900
SWVL,2023-08-08,1.05,1.05,1.01,1.02,1.02,13200
SWVL,2023-08-09,1.05,1.05,0.87,0.87,0.87,215600
SWVL,2023-08-10,0.844,0.903,0.62,0.78,0.78,145900
SWVL,2023-08-11,0.76,0.791,0.69,0.7,0.7,41900
SWVL,2023-08-14,0.706,0.785,0.7,0.732,0.732,15500
SWVL,2023-08-15,0.71,0.773,0.71,0.721,0.721,13100
SWVL,2023-08-16,0.742,0.792,0.735,0.75,0.75,4200
SWVL,2023-08-17,0.78,0.817,0.75,0.788,0.788,34600
SWVL,2023-08-18,0.79,0.846,0.75,0.8,0.8,28600
SWVL,2023-08-21,0.8,0.85,0.75,0.8,0.8,16000
SWVL,2023-08-22,0.771,0.85,0.771,0.8,0.8,30500
SWVL,2023-08-23,0.8,0.95,0.8,0.85,0.85,49000
SWVL,2023-08-24,0.93,0.95,0.863,0.944,0.944,33600
SWVL,2023-08-25,0.944,0.99,0.941,0.962,0.962,27100
SWVL,2023-08-28,0.983,1.08,0.9,1.01,1.01,53700
SWVL,2023-08-29,1.0,1.05,0.865,0.99,0.99,40100
SWVL,2023-08-30,0.99,1.0,0.95,1.0,1.0,13100
SWVL,2023-08-31,0.96,1.04,0.96,1.0,1.0,11600
SWVL,2023-09-01,1.0,1.0,0.95,0.965,0.965,5900
SWVL,2023-09-05,0.98,1.0,0.94,0.95,0.95,9400
SWVL,2023-09-06,0.945,0.98,0.94,0.98,0.98,22400
SWVL,2023-09-07,0.93,0.94,0.9,0.91,0.91,8800
SWVL,2023-09-08,1.01,1.08,0.919,1.0,1.0,21400
SWVL,2023-09-11,0.99,1.13,0.99,1.0,1.0,31800
SWVL,2023-09-12,1.05,1.05,0.99,1.03,1.03,9200
SWVL,2023-09-13,1.07,1.31,1.04,1.15,1.15,644000
SWVL,2023-09-14,1.15,1.15,1.07,1.07,1.07,55700
SWVL,2023-09-15,1.04,1.089,0.962,1.03,1.03,6800
SWVL,2023-09-18,1.019,1.033,0.92,0.962,0.962,33800
SWVL,2023-09-19,1.0,1.0,0.96,0.96,0.96,5300
SWVL,2023-09-20,0.95,0.96,0.915,0.93,0.93,10900
SWVL,2023-09-21,0.93,0.945,0.891,0.935,0.935,14300
SWVL,2023-09-22,0.95,0.998,0.93,0.99,0.99,6000
SWVL,2023-09-25,0.99,1.07,0.933,1.06,1.06,12400
SWVL,2023-09-26,1.09,1.18,0.981,1.1,1.1,24400
SWVL,2023-09-27,1.121,1.14,1.1,1.11,1.11,4900
SWVL,2023-09-28,1.12,1.12,1.02,1.1,1.1,5600
SWVL,2023-09-29,1.05,1.15,1.05,1.135,1.135,10800
SWVL,2023-10-02,1.16,1.16,1.08,1.129,1.129,3600
SWVL,2023-10-03,1.09,1.127,1.06,1.063,1.063,4300
SWVL,2023-10-04,1.11,1.11,1.02,1.09,1.09,3500
SWVL,2023-10-05,1.08,1.08,1.05,1.05,1.05,900
SWVL,2023-10-06,1.0,1.17,1.0,1.08,1.08,7900
SWVL,2023-10-09,1.075,1.095,1.0,1.08,1.08,2800
SWVL,2023-10-10,1.04,1.08,1.016,1.07,1.07,5900
SWVL,2023-10-11,1.04,1.083,1.01,1.01,1.01,4200
SWVL,2023-10-12,1.073,1.073,0.93,0.96,0.96,18600
SWVL,2023-10-13,1.0,1.0,0.71,0.886,0.886,47100
SWVL,2023-10-16,0.91,1.0,0.819,0.89,0.89,22900
SWVL,2023-10-17,0.92,0.92,0.763,0.85,0.85,22100
SWVL,2023-10-18,0.89,0.93,0.84,0.84,0.84,5900
SWVL,2023-10-19,0.84,0.88,0.79,0.879,0.879,6800
SWVL,2023-10-20,0.82,0.85,0.801,0.85,0.85,5600
SWVL,2023-10-23,0.85,0.93,0.84,0.93,0.93,18100
SWVL,2023-10-24,0.94,1.0,0.9,0.99,0.99,28700
SWVL,2023-10-25,0.98,0.98,0.84,0.95,0.95,14500
SWVL,2023-10-26,0.94,1.1,0.87,1.0,1.0,11900
SWVL,2023-10-27,1.0,1.0,0.92,1.0,1.0,5600
SWVL,2023-10-30,1.0,1.0,0.91,0.98,0.98,15500
SWVL,2023-10-31,0.98,0.998,0.9,0.95,0.95,5000
SWVL,2023-11-01,0.98,1.0,0.9,0.955,0.955,10200
SWVL,2023-11-02,1.07,1.07,0.93,1.03,1.03,32100
SWVL,2023-11-03,1.02,1.05,1.0,1.015,1.015,14800
SWVL,2023-11-06,1.05,1.07,0.99,0.99,0.99,12300
SWVL,2023-11-07,1.04,1.04,0.975,1.03,1.03,14000
SWVL,2023-11-08,1.0,1.04,0.95,0.95,0.95,6500
SWVL,2023-11-09,0.98,1.016,0.95,0.95,0.95,5700
SWVL,2023-11-10,0.95,1.01,0.95,0.95,0.95,2800
SWVL,2023-11-13,1.01,1.01,0.84,0.9,0.9,28000
SWVL,2023-11-14,0.999,1.0,0.926,0.93,0.93,10500
SWVL,2023-11-15,0.941,0.941,0.92,0.92,0.92,6500
SWVL,2023-11-16,0.89,0.923,0.89,0.9,0.9,3500
SWVL,2023-11-17,0.916,1.0,0.85,0.89,0.89,36800
SWVL,2023-11-20,0.926,0.926,0.891,0.9,0.9,23700
SWVL,2023-11-21,0.943,0.943,0.9,0.91,0.91,2300
SWVL,2023-11-22,0.915,0.915,0.901,0.901,0.901,2100
SWVL,2023-11-24,0.9,1.0,0.9,0.99,0.99,3500
SWVL,2023-11-27,0.989,1.0,0.9,0.93,0.93,29200
SWVL,2023-11-28,0.94,1.0,0.931,0.94,0.94,2700
SWVL,2023-11-29,0.9,0.95,0.9,0.92,0.92,7900
SWVL,2023-11-30,0.969,0.969,0.92,0.964,0.964,4800
SWVL,2023-12-01,0.93,0.95,0.925,0.925,0.925,6400
SWVL,2023-12-04,0.93,0.98,0.905,0.91,0.91,26200
SWVL,2023-12-05,0.9,0.96,0.89,0.934,0.934,19200
SWVL,2023-12-06,0.93,0.95,0.93,0.93,0.93,2100
SWVL,2023-12-07,0.9,0.93,0.9,0.93,0.93,5500
SWVL,2023-12-08,0.93,0.955,0.9,0.94,0.94,4300
SWVL,2023-12-11,0.9,0.935,0.9,0.91,0.91,6600
SWVL,2023-12-12,0.93,0.935,0.89,0.89,0.89,5600
SWVL,2023-12-13,0.89,0.93,0.89,0.93,0.93,1700
SWVL,2023-12-14,0.93,0.95,0.894,0.924,0.924,14600
SWVL,2023-12-15,0.9,0.999,0.88,0.949,0.949,15700
SWVL,2023-12-18,0.92,0.956,0.91,0.91,0.91,2500
SWVL,2023-12-19,0.91,0.96,0.91,0.96,0.96,4500
SWVL,2023-12-20,0.959,0.968,0.88,0.92,0.92,16100
SWVL,2023-12-21,0.914,1.001,0.89,1.001,1.001,41600
SWVL,2023-12-22,1.0,1.0,0.92,0.959,0.959,8700
SWVL,2023-12-26,0.99,1.0,0.95,0.97,0.97,11900
SWVL,2023-12-27,1.03,1.38,1.0,1.32,1.32,312400
SWVL,2023-12-28,1.33,1.34,1.21,1.287,1.287,46400
SWVL,2023-12-29,1.39,1.76,1.31,1.674,1.674,138200
SWVL,2024-01-02,1.6,1.63,1.438,1.6,1.6,52300
SWVL,2024-01-03,1.65,1.99,1.57,1.94,1.94,208300
SWVL,2024-01-04,1.91,2.33,1.81,2.29,2.29,185800
SWVL,2024-01-05,2.35,3.72,2.35,3.01,3.01,3076300
SWVL,2024-01-08,3.2,4.13,3.065,3.76,3.76,848700
SWVL,2024-01-09,3.69,4.17,3.19,4.0,4.0,355400
SWVL,2024-01-10,4.1,4.92,4.085,4.54,4.54,564900
SWVL,2024-01-11,4.77,6.49,4.57,6.25,6.25,1507500
SWVL,2024-01-12,6.17,6.35,4.28,4.89,4.89,1135200
SWVL,2024-01-16,4.81,5.75,4.51,5.49,5.49,363000
SWVL,2024-01-17,5.35,5.429,4.31,4.64,4.64,222500
SWVL,2024-01-18,4.7,5.199,4.11,4.13,4.13,193700
SWVL,2024-01-19,4.11,4.32,3.33,3.5,3.5,226900
SWVL,2024-01-22,3.6,4.0,3.6,3.8,3.8,55500
SWVL,2024-01-23,4.16,4.47,3.83,4.2,4.2,139800
SWVL,2024-01-24,4.3,5.6,4.21,5.35,5.35,265100
SWVL,2024-01-25,5.39,5.5,4.01,4.18,4.18,176200
SWVL,2024-01-26,4.37,4.4064,3.9,3.92,3.92,51166
META,2023-01-26,144.399994,147.509995,143.300003,147.300003,147.300003,25482100
META,2023-01-27,148.240005,153.190002,147.389999,151.740005,151.740005,35771900
META,2023-01-30,149.410004,151.119995,146.949997,147.059998,147.059998,28040100
META,2023-01-31,147.949997,149.880005,147.520004,148.970001,148.970001,29842100
META,2023-02-01,148.029999,153.580002,147.059998,153.119995,153.119995,55661000
META,2023-02-02,183.380005,197.160004,180.160004,188.770004,188.770004,150475700
META,2023-02-03,183.470001,196.770004,182.889999,186.529999,186.529999,76809700
META,2023-02-06,186.529999,190.699997,185.520004,186.059998,186.059998,42483800
META,2023-02-07,185.580002,193.779999,184.399994,191.619995,191.619995,47080700
META,2023-02-08,190.0,190.830002,182.919998,183.429993,183.429993,36139100
META,2023-02-09,186.130005,186.649994,177.270004,177.919998,177.919998,37118800
META,2023-02-10,176.350006,178.889999,173.350006,174.149994,174.149994,33433600
META,2023-02-13,178.220001,181.0,175.820007,179.429993,179.429993,31463200
META,2023-02-14,177.160004,181.509995,175.880005,179.479996,179.479996,24034600
META,2023-02-15,176.419998,178.190002,175.330002,177.160004,177.160004,25308900
META,2023-02-16,172.75,175.850006,171.789993,172.440002,172.440002,25827500
META,2023-02-17,170.220001,173.179993,169.699997,172.880005,172.880005,24171300
META,2023-02-21,174.309998,178.169998,171.880005,172.080002,172.080002,34592600
META,2023-02-22,171.070007,172.759995,169.690002,171.119995,171.119995,22433200
META,2023-02-23,172.0,173.690002,169.380005,172.039993,172.039993,20017800
META,2023-02-24,168.639999,170.720001,167.660004,170.389999,170.389999,19791300
META,2023-02-27,171.880005,173.119995,169.059998,169.539993,169.539993,19277000
META,2023-02-28,171.899994,177.550003,171.869995,174.940002,174.940002,46051100
META,2023-03-01,174.589996,177.850006,173.050003,173.419998,173.419998,30998400
META,2023-03-02,172.380005,175.009995,171.429993,174.529999,174.529999,17352000
META,2023-03-03,178.919998,186.619995,177.050003,185.25,185.25,45877700
META,2023-03-06,188.0,189.660004,184.639999,184.899994,184.899994,33209400
META,2023-03-07,189.0,190.360001,184.009995,184.509995,184.509995,36701500
META,2023-03-08,182.869995,185.259995,181.339996,184.970001,184.970001,19432400
META,2023-03-09,186.350006,188.929993,180.300003,181.690002,181.690002,26582800
META,2023-03-10,181.009995,184.770004,178.800003,179.509995,179.509995,25665000
META,2023-03-13,177.960007,183.779999,174.820007,180.899994,180.899994,24728000
META,2023-03-14,187.580002,194.320007,186.559998,194.020004,194.020004,41642600
META,2023-03-15,192.949997,197.779999,190.839996,197.75,197.75,42123600
META,2023-03-16,198.259995,205.759995,196.089996,204.929993,204.929993,50447100
META,2023-03-17,200.559998,201.899994,195.429993,195.610001,195.610001,50141100
META,2023-03-20,198.479996,199.360001,193.639999,197.809998,197.809998,25186300
META,2023-03-21,203.199997,203.550003,197.949997,202.160004,202.160004,31827000
META,2023-03-22,202.5,207.369995,199.669998,199.809998,199.809998,28477800
META,2023-03-23,202.839996,207.880005,202.149994,204.279999,204.279999,27389700
META,2023-03-24,205.179993,207.580002,203.550003,206.009995,206.009995,27716400
META,2023-03-27,204.809998,205.860001,201.360001,202.839996,202.839996,18527200
META,2023-03-28,200.149994,201.029999,197.899994,200.679993,200.679993,19127300
META,2023-03-29,203.559998,205.720001,202.539993,205.350006,205.350006,18851100
META,2023-03-30,203.380005,208.089996,202.820007,207.839996,207.839996,22608300
META,2023-03-31,207.240005,212.169998,206.770004,211.940002,211.940002,25440300
META,2023-04-03,208.839996,213.490005,208.199997,213.070007,213.070007,17924600
META,2023-04-04,213.389999,216.240005,212.539993,214.720001,214.720001,21026400
META,2023-04-05,214.149994,215.190002,209.940002,211.479996,211.479996,19396600
META,2023-04-06,209.25,216.940002,208.649994,216.100006,216.100006,26104400
META,2023-04-10,214.710007,215.660004,210.660004,214.75,214.75,16106100
META,2023-04-11,215.479996,216.020004,213.410004,213.850006,213.850006,16710100
META,2023-04-12,214.839996,216.839996,212.580002,214.0,214.0,18972200
META,2023-04-13,215.729996,221.149994,215.690002,220.350006,220.350006,23310400
META,2023-04-14,217.880005,222.110001,217.550003,221.490005,221.490005,21591200
META,2023-04-17,219.789993,220.979996,217.130005,218.860001,218.860001,15481900
META,2023-04-18,219.910004,220.440002,216.210007,217.889999,217.889999,12281000
META,2023-04-19,213.470001,217.330002,212.929993,215.699997,215.699997,15898100
META,2023-04-20,213.479996,216.75,212.770004,213.070007,213.070007,16475400
META,2023-04-21,210.210007,213.410004,209.580002,212.889999,212.889999,17717200
META,2023-04-24,213.679993,213.919998,210.710007,212.789993,212.789993,15750900
META,2023-04-25,210.820007,211.259995,207.130005,207.550003,207.550003,19198200
META,2023-04-26,212.5,214.110001,208.880005,209.399994,209.399994,41992700
META,2023-04-27,239.889999,241.690002,236.770004,238.559998,238.559998,71196500
META,2023-04-28,239.009995,240.429993,235.75,240.320007,240.320007,39554000
META,2023-05-01,238.619995,244.0,236.460007,243.179993,243.179993,29143900
META,2023-05-02,243.179993,244.919998,238.990005,239.240005,239.240005,24350100
META,2023-05-03,239.470001,241.75,232.75,237.029999,237.029999,34463900
META,2023-05-04,236.059998,238.199997,232.929993,233.520004,233.520004,17889400
META,2023-05-05,232.240005,234.679993,229.850006,232.779999,232.779999,26978900
META,2023-05-08,231.419998,235.619995,230.270004,233.270004,233.270004,16400500
META,2023-05-09,231.460007,235.880005,231.080002,233.369995,233.369995,16865600
META,2023-05-10,236.169998,236.75,230.720001,233.080002,233.080002,19119000
META,2023-05-11,233.050003,238.210007,232.300003,235.789993,235.789993,20449000
META,2023-05-12,236.740005,236.960007,231.449997,233.809998,233.809998,16155300
META,2023-05-15,236.919998,240.259995,235.330002,238.860001,238.860001,20653200
META,2023-05-16,235.789993,239.639999,235.520004,238.820007,238.820007,18163800
META,2023-05-17,238.449997,243.839996,238.139999,242.490005,242.490005,21193100
META,2023-05-18,241.300003,247.089996,241.190002,246.850006,246.850006,22943300
META,2023-05-19,247.470001,248.690002,243.410004,245.639999,245.639999,21599800
META,2023-05-22,245.410004,253.570007,245.119995,248.320007,248.320007,27738500
META,2023-05-23,246.809998,251.610001,246.649994,246.740005,246.740005,17748100
META,2023-05-24,245.279999,249.589996,244.949997,249.210007,249.210007,17724300
META,2023-05-25,253.399994,255.619995,249.169998,252.690002,252.690002,22371400
META,2023-05-26,252.929993,262.309998,252.710007,262.040009,262.040009,25727200
META,2023-05-30,265.25,268.649994,261.290009,262.519989,262.519989,23816500
META,2023-05-31,260.0,265.0,258.450012,264.720001,264.720001,25473700
META,2023-06-01,265.899994,274.0,265.890015,272.609985,272.609985,25609500
META,2023-06-02,272.660004,275.350006,271.119995,272.609985,272.609985,19405300
META,2023-06-05,270.299988,275.570007,269.559998,271.390015,271.390015,20742900
META,2023-06-06,270.140015,276.570007,269.690002,271.119995,271.119995,19419000
META,2023-06-07,271.670013,274.25,262.799988,263.600006,263.600006,26163600
META,2023-06-08,260.619995,267.649994,258.880005,264.579987,264.579987,20899400
META,2023-06-09,262.480011,267.950012,261.700012,264.950012,264.950012,16938500
META,2023-06-12,267.170013,271.75,265.329987,271.049988,271.049988,15442500
META,2023-06-13,274.880005,275.720001,269.089996,271.320007,271.320007,16164000
META,2023-06-14,271.890015,274.98999,268.320007,273.350006,273.350006,19175100
META,2023-06-15,272.299988,283.98999,271.420013,281.829987,281.829987,25973500
META,2023-06-16,284.75,287.850006,280.130005,281.0,281.0,43102500
META,2023-06-20,278.730011,284.799988,276.220001,284.329987,284.329987,20701600
META,2023-06-21,283.529999,284.0,278.359985,281.640015,281.640015,20556200
META,2023-06-22,279.079987,285.26001,277.790009,284.880005,284.880005,17563100
META,2023-06-23,281.51001,289.670013,278.950012,288.730011,288.730011,50988400
META,2023-06-26,288.700012,289.790009,277.600006,278.470001,278.470001,24232700
META,2023-06-27,282.01001,289.350006,280.649994,287.049988,287.049988,26108300
META,2023-06-28,284.820007,289.549988,284.059998,285.290009,285.290009,16722100
META,2023-06-29,284.5,286.570007,280.690002,281.529999,281.529999,15395700
META,2023-06-30,284.76001,289.049988,284.420013,286.980011,286.980011,19676000
META,2023-07-03,286.700012,289.399994,284.850006,286.019989,286.019989,8629300
META,2023-07-05,287.649994,298.119995,286.359985,294.369995,294.369995,33865500
META,2023-07-06,295.890015,298.119995,291.309998,291.98999,291.98999,47600500
META,2023-07-07,292.179993,296.200012,288.660004,290.529999,290.529999,25546200
META,2023-07-10,295.549988,298.130005,287.049988,294.100006,294.100006,37058300
META,2023-07-11,293.899994,300.179993,291.899994,298.290009,298.290009,27585900
META,2023-07-12,301.75,309.450012,300.100006,309.339996,309.339996,36677100
META,2023-07-13,313.619995,316.23999,310.290009,313.410004,313.410004,30281000
META,2023-07-14,311.790009,314.880005,307.359985,308.869995,308.869995,22576000
META,2023-07-17,307.540009,311.709991,304.709991,310.619995,310.619995,25323100
META,2023-07-18,310.880005,314.200012,307.619995,312.049988,312.049988,20764600
META,2023-07-19,313.029999,318.679993,310.519989,316.01001,316.01001,21763700
META,2023-07-20,313.5,315.540009,302.220001,302.519989,302.519989,23836900
META,2023-07-21,304.570007,305.459991,291.200012,294.26001,294.26001,42089700
META,2023-07-24,295.779999,297.519989,288.299988,291.609985,291.609985,24915700
META,2023-07-25,295.190002,298.299988,291.859985,294.470001,294.470001,19585600
META,2023-07-26,301.190002,301.769989,291.899994,298.570007,298.570007,47256900
META,2023-07-27,325.119995,325.350006,309.839996,311.709991,311.709991,64229200
META,2023-07-28,316.880005,326.200012,314.25,325.480011,325.480011,39220300
META,2023-07-31,323.690002,325.660004,317.589996,318.600006,318.600006,25799600
META,2023-08-01,317.540009,324.140015,314.660004,322.709991,322.709991,22817900
META,2023-08-02,318.0,318.390015,310.649994,314.309998,314.309998,20461100
META,2023-08-03,309.929993,315.950012,309.929993,313.190002,313.190002,15180200
META,2023-08-04,314.959991,318.410004,310.200012,310.730011,310.730011,17600200
META,2023-08-07,313.230011,317.070007,310.459991,316.559998,316.559998,16236500
META,2023-08-08,314.399994,317.890015,310.109985,312.640015,312.640015,15183500
META,2023-08-09,312.880005,313.630005,302.850006,305.209991,305.209991,19955800
META,2023-08-10,307.940002,312.339996,303.869995,305.73999,305.73999,14358900
META,2023-08-11,302.570007,304.720001,300.359985,301.640015,301.640015,13967800
META,2023-08-14,300.980011,306.209991,298.25,306.190002,306.190002,15641900
META,2023-08-15,306.140015,307.230011,300.029999,301.950012,301.950012,11623600
META,2023-08-16,300.200012,301.079987,294.279999,294.290009,294.290009,18547700
META,2023-08-17,293.049988,296.049988,284.950012,285.089996,285.089996,23950100
META,2023-08-18,279.029999,285.690002,274.380005,283.25,283.25,34061200
META,2023-08-21,283.450012,290.5,281.850006,289.899994,289.899994,20181500
META,2023-08-22,292.549988,292.899994,286.75,287.600006,287.600006,12999900
META,2023-08-23,288.5,297.399994,287.670013,294.23999,294.23999,18287000
META,2023-08-24,298.5,299.459991,286.640015,286.75,286.75,18360900
META,2023-08-25,286.130005,288.390015,276.029999,285.5,285.5,23701400
META,2023-08-28,288.0,291.450012,285.799988,290.26001,290.26001,14239300
META,2023-08-29,288.579987,299.149994,288.179993,297.98999,297.98999,20844500
META,2023-08-30,297.170013,298.290009,293.429993,295.100006,295.100006,17717000
META,2023-08-31,295.799988,301.100006,295.660004,295.890015,295.890015,17229900
META,2023-09-01,299.369995,301.73999,294.470001,296.380005,296.380005,12819800
META,2023-09-05,297.019989,301.390015,295.51001,300.149994,300.149994,14956000
META,2023-09-06,301.709991,303.299988,295.660004,299.170013,299.170013,15418100
META,2023-09-07,298.0,307.049988,292.220001,298.670013,298.670013,33748700
META,2023-09-08,299.220001,305.25,296.779999,297.890015,297.890015,17548000
META,2023-09-11,301.410004,309.040009,301.279999,307.559998,307.559998,19489300
META,2023-09-12,306.329987,308.660004,300.230011,301.660004,301.660004,13480400
META,2023-09-13,302.359985,307.179993,301.320007,305.059998,305.059998,13210900
META,2023-09-14,306.73999,312.869995,305.029999,311.720001,311.720001,19343100
META,2023-09-15,311.609985,312.0,298.75,300.309998,300.309998,28106400
META,2023-09-18,298.190002,303.600006,297.799988,302.549988,302.549988,14234200
META,2023-09-19,302.480011,306.170013,299.809998,305.070007,305.070007,15924400
META,2023-09-20,305.049988,308.059998,299.429993,299.670013,299.670013,19379500
META,2023-09-21,295.700012,300.26001,293.269989,295.730011,295.730011,21300500
META,2023-09-22,299.299988,305.380005,298.269989,299.079987,299.079987,25369600
META,2023-09-25,295.640015,300.950012,293.700012,300.829987,300.829987,18987000
META,2023-09-26,297.660004,300.299988,296.01001,298.959991,298.959991,19417200
META,2023-09-27,300.450012,301.299988,286.790009,297.73999,297.73999,36429800
META,2023-09-28,298.940002,306.329987,296.700012,303.959991,303.959991,22167100
META,2023-09-29,307.380005,310.640015,299.359985,300.209991,300.209991,25356600
META,2023-10-02,302.73999,307.179993,301.630005,306.820007,306.820007,16265600
META,2023-10-03,304.26001,306.769989,299.640015,300.940002,300.940002,17362300
META,2023-10-04,298.730011,306.899994,298.5,305.579987,305.579987,16880500
META,2023-10-05,304.630005,306.209991,299.5,304.790009,304.790009,19130000
META,2023-10-06,301.440002,316.309998,300.910004,315.429993,315.429993,21784000
META,2023-10-09,312.5,320.329987,311.820007,318.359985,318.359985,22503700
META,2023-10-10,319.119995,324.660004,318.160004,321.839996,321.839996,19038000
META,2023-10-11,323.01001,328.839996,322.950012,327.820007,327.820007,22036300
META,2023-10-12,328.0,330.540009,322.690002,324.160004,324.160004,20530500
META,2023-10-13,323.529999,325.049988,312.369995,314.690002,314.690002,21341000
META,2023-10-16,318.640015,321.820007,315.519989,321.149994,321.149994,16536100
META,2023-10-17,318.179993,324.399994,317.299988,324.0,324.0,16387800
META,2023-10-18,321.390015,325.940002,315.559998,316.970001,316.970001,16851000
META,2023-10-19,319.880005,321.890015,311.75,312.809998,312.809998,18709200
META,2023-10-20,314.140015,315.299988,306.470001,308.649994,308.649994,22287400
META,2023-10-23,309.5,317.359985,307.26001,314.01001,314.01001,17796800
META,2023-10-24,316.779999,318.350006,310.630005,312.549988,312.549988,19525500
META,2023-10-25,310.0,310.880005,298.839996,299.529999,299.529999,42192500
META,2023-10-26,295.0,295.0,279.399994,288.350006,288.350006,66684100
META,2023-10-27,294.480011,299.309998,292.970001,296.730011,296.730011,29596300
META,2023-10-30,299.089996,309.399994,299.049988,302.660004,302.660004,28435100
META,2023-10-31,303.309998,303.679993,296.859985,301.269989,301.269989,19434200
META,2023-11-01,301.850006,312.73999,301.850006,311.850006,311.850006,20434600
META,2023-11-02,317.299988,318.820007,308.329987,310.869995,310.869995,21631800
META,2023-11-03,312.549988,315.549988,311.019989,314.600006,314.600006,16754100
META,2023-11-06,315.980011,318.329987,314.450012,315.799988,315.799988,12887700
META,2023-11-07,317.059998,321.0,315.119995,318.820007,318.820007,14055600
META,2023-11-08,318.140015,321.329987,314.880005,319.779999,319.779999,13609700
META,2023-11-09,319.420013,324.179993,318.799988,320.549988,320.549988,16103100
META,2023-11-10,319.940002,329.100006,319.459991,328.769989,328.769989,19096200
META,2023-11-13,326.200012,332.329987,325.700012,329.190002,329.190002,16908900
META,2023-11-14,334.540009,338.100006,333.329987,336.309998,336.309998,17179400
META,2023-11-15,337.929993,338.399994,330.019989,332.709991,332.709991,14531200
META,2023-11-16,329.369995,334.579987,326.380005,334.190002,334.190002,18932600
META,2023-11-17,330.26001,335.5,329.350006,335.040009,335.040009,14494400
META,2023-11-20,334.890015,341.869995,334.190002,339.970001,339.970001,16960500
META,2023-11-21,338.329987,339.899994,335.899994,336.980011,336.980011,12027900
META,2023-11-22,339.209991,342.920013,338.579987,341.48999,341.48999,10702700
META,2023-11-24,340.130005,341.859985,336.769989,338.230011,338.230011,5467500
META,2023-11-27,336.179993,339.899994,334.200012,334.700012,334.700012,15684500
META,2023-11-28,333.399994,339.380005,333.399994,338.98999,338.98999,12637200
META,2023-11-29,339.690002,339.899994,330.779999,332.200012,332.200012,16024500
META,2023-11-30,331.890015,333.5,322.399994,327.149994,327.149994,23146400
META,2023-12-01,325.480011,326.859985,320.76001,324.820007,324.820007,15264700
META,2023-12-04,317.290009,320.859985,313.660004,320.019989,320.019989,19037100
META,2023-12-05,318.980011,321.880005,315.390015,318.290009,318.290009,16952100
META,2023-12-06,321.929993,322.25,317.040009,317.450012,317.450012,11294300
META,2023-12-07,317.769989,328.23999,317.769989,326.589996,326.589996,15905100
META,2023-12-08,323.089996,333.170013,323.0,332.75,332.75,14077500
META,2023-12-11,329.399994,329.890015,320.0,325.279999,325.279999,25802500
META,2023-12-12,324.600006,334.470001,324.559998,334.220001,334.220001,18485500
META,2023-12-13,333.929993,338.369995,332.640015,334.73999,334.73999,16353300
META,2023-12-14,333.850006,334.700012,328.640015,333.170013,333.170013,19607300
META,2023-12-15,331.98999,338.660004,331.220001,334.920013,334.920013,30001600
META,2023-12-18,337.480011,347.559998,337.019989,344.619995,344.619995,18993900
META,2023-12-19,345.579987,353.600006,345.119995,350.359985,350.359985,17729400
META,2023-12-20,348.649994,354.959991,347.790009,349.279999,349.279999,16369900
META,2023-12-21,352.980011,356.410004,349.209991,354.089996,354.089996,15289600
META,2023-12-22,355.579987,357.200012,351.220001,353.390015,353.390015,11764200
META,2023-12-26,354.98999,356.980011,353.450012,354.829987,354.829987,9898600
META,2023-12-27,356.070007,359.0,355.309998,357.829987,357.829987,13207900
META,2023-12-28,359.700012,361.899994,357.809998,358.320007,358.320007,11798800
META,2023-12-29,358.98999,360.0,351.820007,353.959991,353.959991,14980500
META,2024-01-02,351.320007,353.160004,340.01001,346.290009,346.290009,19042200
META,2024-01-03,344.980011,347.950012,343.179993,344.470001,344.470001,15451100
META,2024-01-04,344.5,348.149994,343.399994,347.119995,347.119995,12099900
META,2024-01-05,346.98999,353.5,346.26001,351.950012,351.950012,13920700
META,2024-01-08,354.700012,358.980011,352.049988,358.660004,358.660004,13890200
META,2024-01-09,356.399994,360.640015,355.359985,357.429993,357.429993,13463900
META,2024-01-10,360.170013,372.940002,359.079987,370.470001,370.470001,22117200
META,2024-01-11,372.130005,372.779999,362.929993,369.670013,369.670013,17205400
META,2024-01-12,370.160004,377.059998,369.540009,374.48999,374.48999,19295700
META,2024-01-16,373.649994,375.609985,367.230011,367.459991,367.459991,15306900
META,2024-01-17,366.299988,368.540009,358.609985,368.369995,368.369995,12724800
META,2024-01-18,371.48999,376.850006,370.950012,376.130005,376.130005,16354300
META,2024-01-19,379.0,384.359985,377.970001,383.450012,383.450012,21470100
META,2024-01-22,387.950012,390.350006,381.160004,381.779999,381.779999,17680500
META,2024-01-23,384.619995,388.380005,382.079987,385.200012,385.200012,15506100
META,2024-01-24,390.0,396.149994,387.809998,390.700012,390.700012,15698500
META,2024-01-25,390.170013,395.48999,385.660004,393.179993,393.179993,15091100
META,2024-01-26,394.350006,396.765991,391.59079,394.140015,394.140015,13015391
GOOG,2023-01-26,98.279999,99.209999,96.82,99.160004,99.160004,24542100
GOOG,2023-01-27,99.050003,101.580002,98.970001,100.709999,100.709999,29020400
GOOG,2023-01-30,98.745003,99.408997,97.519997,97.949997,97.949997,24365100
GOOG,2023-01-31,97.860001,99.910004,97.790001,99.870003,99.870003,22306800
GOOG,2023-02-01,99.739998,102.190002,98.419998,101.43,101.43,26392600
GOOG,2023-02-02,106.790001,108.82,106.540001,108.800003,108.800003,46622600
GOOG,2023-02-03,103.510002,108.019997,103.300003,105.220001,105.220001,36823400
GOOG,2023-02-06,102.684998,104.699997,102.209999,103.470001,103.470001,25573000
GOOG,2023-02-07,103.629997,108.669998,103.547997,108.040001,108.040001,33738800
GOOG,2023-02-08,102.690002,103.580002,98.455002,100.0,100.0,73546000
GOOG,2023-02-09,100.540001,100.610001,93.860001,95.459999,95.459999,97798600
GOOG,2023-02-10,95.739998,97.019997,94.529999,94.860001,94.860001,49325300
GOOG,2023-02-13,95.010002,95.349998,94.050003,95.0,95.0,43116600
GOOG,2023-02-14,94.660004,95.175003,92.650002,94.949997,94.949997,42513100
GOOG,2023-02-15,94.739998,97.339996,94.360001,97.099998,97.099998,36964500
GOOG,2023-02-16,95.540001,97.879997,94.970001,95.779999,95.779999,35642100
GOOG,2023-02-17,95.07,95.75,93.449997,94.589996,94.589996,31095100
GOOG,2023-02-21,93.239998,93.415001,92.0,92.050003,92.050003,28367200
GOOG,2023-02-22,91.933998,92.360001,90.870003,91.800003,91.800003,29891100
GOOG,2023-02-23,92.129997,92.129997,90.010002,91.07,91.07,32423700
GOOG,2023-02-24,89.629997,90.129997,88.860001,89.349998,89.349998,31295600
GOOG,2023-02-27,90.089996,90.449997,89.610001,90.099998,90.099998,22724300
GOOG,2023-02-28,89.540001,91.449997,89.519997,90.300003,90.300003,30546900
GOOG,2023-03-01,90.160004,91.199997,89.849998,90.510002,90.510002,26323900
GOOG,2023-03-02,89.860001,92.480003,89.769997,92.309998,92.309998,23328600
GOOG,2023-03-03,92.739998,94.110001,92.660004,94.019997,94.019997,30242500
GOOG,2023-03-06,94.360001,96.300003,94.300003,95.580002,95.580002,28288200
GOOG,2023-03-07,95.419998,96.089996,93.844002,94.169998,94.169998,24101500
GOOG,2023-03-08,94.404999,96.239998,94.404999,94.650002,94.650002,25395200
GOOG,2023-03-09,94.489998,95.919998,92.355003,92.660004,92.660004,24438900
GOOG,2023-03-10,92.5,93.18,90.800003,91.010002,91.010002,32850100
GOOG,2023-03-13,90.565002,93.080002,89.940002,91.660004,91.660004,31508600
GOOG,2023-03-14,93.07,94.830002,92.779999,94.25,94.25,32303900
GOOG,2023-03-15,93.540001,97.25,93.040001,96.550003,96.550003,38367300
GOOG,2023-03-16,96.57,101.970001,95.870003,101.07,101.07,54499500
GOOG,2023-03-17,100.839996,103.489998,100.75,102.459999,102.459999,76140300
GOOG,2023-03-20,101.059998,102.580002,100.790001,101.93,101.93,26033900
GOOG,2023-03-21,101.980003,105.959999,101.860001,105.839996,105.839996,33122800
GOOG,2023-03-22,105.139999,107.510002,104.209999,104.220001,104.220001,32336900
GOOG,2023-03-23,105.889999,107.100998,105.410004,106.260002,106.260002,31385800
GOOG,2023-03-24,105.739998,106.160004,104.739998,106.059998,106.059998,25236200
GOOG,2023-03-27,105.32,105.400002,102.629997,103.059998,103.059998,25393400
GOOG,2023-03-28,103.0,103.0,100.279999,101.360001,101.360001,24913500
GOOG,2023-03-29,102.720001,102.82,101.029999,101.900002,101.900002,26148300
GOOG,2023-03-30,101.440002,101.610001,100.290001,101.32,101.32,25009800
GOOG,2023-03-31,101.709999,104.190002,101.440002,104.0,104.0,28108000
GOOG,2023-04-03,102.669998,104.949997,102.379997,104.910004,104.910004,20719900
GOOG,2023-04-04,104.839996,106.099998,104.599998,105.120003,105.120003,20377200
GOOG,2023-04-05,106.120003,106.540001,104.101997,104.949997,104.949997,21864200
GOOG,2023-04-06,105.769997,109.629997,104.815002,108.900002,108.900002,34684200
GOOG,2023-04-10,107.389999,107.970001,105.599998,106.949997,106.949997,19741500
GOOG,2023-04-11,106.919998,107.220001,105.279999,106.120003,106.120003,18721300
GOOG,2023-04-12,107.389999,107.586998,104.970001,105.220001,105.220001,22761600
GOOG,2023-04-13,106.470001,108.264999,106.440002,108.190002,108.190002,21650700
GOOG,2023-04-14,107.690002,109.580002,107.589996,109.459999,109.459999,20758700
GOOG,2023-04-17,105.43,106.709999,105.32,106.419998,106.419998,29043400
GOOG,2023-04-18,107.0,107.050003,104.779999,105.120003,105.120003,17641400
GOOG,2023-04-19,104.214996,105.724998,103.800003,105.019997,105.019997,16732000
GOOG,2023-04-20,104.650002,106.888,104.639999,105.900002,105.900002,22515300
GOOG,2023-04-21,106.089996,106.639999,105.485001,105.910004,105.910004,22379000
GOOG,2023-04-24,106.050003,107.32,105.360001,106.779999,106.779999,21410900
GOOG,2023-04-25,106.610001,107.440002,104.559998,104.610001,104.610001,31408100
GOOG,2023-04-26,105.559998,107.019997,103.269997,104.449997,104.449997,37068200
GOOG,2023-04-27,105.230003,109.150002,104.419998,108.370003,108.370003,38235200
GOOG,2023-04-28,107.800003,108.290001,106.040001,108.220001,108.220001,23957900
GOOG,2023-05-01,107.720001,108.68,107.5,107.709999,107.709999,20926300
GOOG,2023-05-02,107.660004,107.730003,104.5,105.980003,105.980003,20343100
GOOG,2023-05-03,106.220001,108.129997,105.620003,106.120003,106.120003,17116300
GOOG,2023-05-04,106.160004,106.300003,104.699997,105.209999,105.209999,19780600
GOOG,2023-05-05,105.32,106.440002,104.738998,106.214996,106.214996,20705300
GOOG,2023-05-08,105.794998,108.419998,105.790001,108.239998,108.239998,17266000
GOOG,2023-05-09,108.779999,110.595001,107.724998,107.940002,107.940002,24782400
GOOG,2023-05-10,108.550003,113.510002,108.480003,112.279999,112.279999,47533500
GOOG,2023-05-11,115.860001,118.440002,114.93,116.900002,116.900002,57115100
GOOG,2023-05-12,117.0,118.260002,116.550003,117.919998,117.919998,31272500
GOOG,2023-05-15,116.489998,118.794998,116.480003,116.959999,116.959999,22107900
GOOG,2023-05-16,116.830002,121.199997,116.830002,120.089996,120.089996,32370100
GOOG,2023-05-17,120.18,122.279999,119.459999,121.480003,121.480003,26659600
GOOG,2023-05-18,121.559998,123.900002,121.489998,123.519997,123.519997,27014500
GOOG,2023-05-19,124.199997,126.478996,122.720001,123.25,123.25,30251300
GOOG,2023-05-22,123.510002,127.050003,123.449997,125.870003,125.870003,29760200
GOOG,2023-05-23,124.93,125.419998,123.050003,123.290001,123.290001,24477900
GOOG,2023-05-24,121.879997,122.75,120.75,121.639999,121.639999,23087900
GOOG,2023-05-25,125.209999,125.980003,122.900002,124.349998,124.349998,33812700
GOOG,2023-05-26,124.065002,126.0,123.290001,125.43,125.43,25154700
GOOG,2023-05-30,126.290001,126.379997,122.889999,124.639999,124.639999,27230700
GOOG,2023-05-31,123.699997,124.900002,123.099998,123.370003,123.370003,41548800
GOOG,2023-06-01,123.5,125.040001,123.300003,124.370003,124.370003,25017700
GOOG,2023-06-02,124.489998,126.745003,124.349998,125.230003,125.230003,19362400
GOOG,2023-06-05,124.610001,127.989998,124.379997,126.629997,126.629997,22672500
GOOG,2023-06-06,126.599998,128.880005,125.970001,127.910004,127.910004,19450100
GOOG,2023-06-07,127.574997,129.550003,122.629997,122.940002,122.940002,34179300
GOOG,2023-06-08,122.584999,123.730003,122.010002,122.669998,122.669998,24815000
GOOG,2023-06-09,122.559998,124.285004,122.419998,122.870003,122.870003,20304500
GOOG,2023-06-12,123.394997,124.75,122.349998,124.349998,124.349998,22255700
GOOG,2023-06-13,125.650002,125.860001,123.845001,124.43,124.43,19287700
GOOG,2023-06-14,123.800003,124.790001,122.160004,124.379997,124.379997,24659600
GOOG,2023-06-15,123.879997,126.160004,123.139999,125.790001,125.790001,24517100
GOOG,2023-06-16,126.699997,126.699997,123.790001,124.059998,124.059998,56686800
GOOG,2023-06-20,123.535004,125.175003,122.830002,123.849998,123.849998,22698000
GOOG,2023-06-21,123.235001,123.410004,120.860001,121.260002,121.260002,22612000
GOOG,2023-06-22,120.660004,123.934998,119.599998,123.870003,123.870003,20781900
GOOG,2023-06-23,122.040001,123.440002,121.860001,123.019997,123.019997,29542900
GOOG,2023-06-26,121.466003,122.720001,118.989998,119.089996,119.089996,23185000
GOOG,2023-06-27,117.839996,119.894997,116.910004,119.010002,119.010002,27221700
GOOG,2023-06-28,117.959999,121.269997,117.599998,121.080002,121.080002,19753100
GOOG,2023-06-29,120.089996,120.910004,119.209999,120.010002,120.010002,18517500
GOOG,2023-06-30,121.099998,122.029999,120.879997,120.970001,120.970001,23865800
GOOG,2023-07-03,120.32,121.019997,119.705002,120.559998,120.559998,13888300
GOOG,2023-07-05,120.059998,123.370003,120.059998,122.629997,122.629997,17830300
GOOG,2023-07-06,120.639999,121.150002,119.25,120.93,120.93,17732500
GOOG,2023-07-07,120.889999,121.75,120.089996,120.139999,120.139999,20982400
GOOG,2023-07-10,119.07,119.07,116.639999,116.870003,116.870003,32960100
GOOG,2023-07-11,116.760002,118.224998,115.830002,117.709999,117.709999,18286600
GOOG,2023-07-12,119.300003,120.959999,119.0,119.620003,119.620003,22059600
GOOG,2023-07-13,121.540001,125.334999,121.059998,124.830002,124.830002,31535900
GOOG,2023-07-14,125.129997,127.089996,124.900002,125.699997,125.699997,20482800
GOOG,2023-07-17,126.059998,127.279999,124.5,125.059998,125.059998,20675300
GOOG,2023-07-18,124.904999,124.989998,123.300003,124.080002,124.080002,21071200
GOOG,2023-07-19,124.790001,125.470001,122.470001,122.779999,122.779999,22313800
GOOG,2023-07-20,122.120003,124.699997,118.684998,119.529999,119.529999,27541700
GOOG,2023-07-21,120.870003,121.300003,119.07,120.309998,120.309998,56498100
GOOG,2023-07-24,121.926003,123.349998,121.379997,121.879997,121.879997,22276100
GOOG,2023-07-25,121.879997,123.690002,121.529999,122.790001,122.790001,31820800
GOOG,2023-07-26,130.360001,131.369995,128.710007,129.660004,129.660004,46216900
GOOG,2023-07-27,131.800003,133.600006,129.179993,129.869995,129.869995,35931600
GOOG,2023-07-28,130.970001,134.070007,130.919998,133.009995,133.009995,26971000
GOOG,2023-07-31,133.009995,133.830002,132.130005,133.110001,133.110001,18381900
GOOG,2023-08-01,130.854996,132.919998,130.75,131.889999,131.889999,22154300
GOOG,2023-08-02,129.839996,130.419998,127.849998,128.639999,128.639999,22705800
GOOG,2023-08-03,128.369995,129.770004,127.775002,128.770004,128.770004,15018100
GOOG,2023-08-04,129.600006,131.929993,128.315002,128.539993,128.539993,20509500
GOOG,2023-08-07,129.509995,132.059998,129.429993,131.940002,131.940002,17621000
GOOG,2023-08-08,130.979996,131.940002,130.130005,131.839996,131.839996,16836000
GOOG,2023-08-09,132.190002,132.470001,129.505005,130.149994,130.149994,17745200
GOOG,2023-08-10,131.970001,132.647003,130.035004,130.210007,130.210007,17855700
GOOG,2023-08-11,129.201996,130.440002,128.75,130.169998,130.169998,15191500
GOOG,2023-08-14,129.850006,131.910004,129.589996,131.830002,131.830002,17526200
GOOG,2023-08-15,131.589996,131.990005,129.819,130.270004,130.270004,14769200
GOOG,2023-08-16,129.279999,130.897995,128.460007,129.110001,129.110001,17548400
GOOG,2023-08-17,130.449997,132.490997,129.850006,130.460007,130.460007,23665600
GOOG,2023-08-18,129.059998,129.830002,127.0,128.110001,128.110001,23619400
GOOG,2023-08-21,127.849998,129.259995,127.160004,128.929993,128.929993,21851100
GOOG,2023-08-22,129.130005,130.949997,128.925003,129.690002,129.690002,15569400
GOOG,2023-08-23,130.850006,134.070007,130.509995,133.210007,133.210007,26497000
GOOG,2023-08-24,134.727005,134.970001,130.300003,130.419998,130.419998,18680400
GOOG,2023-08-25,130.139999,131.399994,128.039993,130.690002,130.690002,20678100
GOOG,2023-08-28,132.080002,133.240005,130.850006,131.789993,131.789993,16715500
GOOG,2023-08-29,132.998001,137.294998,132.979996,135.490005,135.490005,30803300
GOOG,2023-08-30,135.570007,137.25,135.020996,136.929993,136.929993,21773400
GOOG,2023-08-31,137.050003,138.399994,136.820007,137.350006,137.350006,28147900
GOOG,2023-09-01,138.429993,138.580002,135.940002,136.800003,136.800003,16665700
GOOG,2023-09-05,136.440002,137.369995,135.559998,136.710007,136.710007,17730200
GOOG,2023-09-06,137.014999,137.479996,134.690002,135.369995,135.369995,15814300
GOOG,2023-09-07,134.600006,136.580002,133.960007,136.199997,136.199997,16976000
GOOG,2023-09-08,135.869995,137.514999,135.869995,137.199997,137.199997,17810700
GOOG,2023-09-11,137.380005,138.264008,136.550003,137.740005,137.740005,17180800
GOOG,2023-09-12,137.130005,137.639999,135.929993,136.070007,136.070007,15212900
GOOG,2023-09-13,135.899994,137.699997,134.929993,137.5,137.5,16394900
GOOG,2023-09-14,138.389999,139.550003,137.059998,138.990005,138.990005,19064600
GOOG,2023-09-15,138.800003,139.360001,137.179993,138.300003,138.300003,48947600
GOOG,2023-09-18,137.630005,139.929993,137.630005,138.960007,138.960007,16233600
GOOG,2023-09-19,138.25,139.175003,137.5,138.830002,138.830002,15479100
GOOG,2023-09-20,138.830002,138.839996,134.520004,134.589996,134.589996,21473500
GOOG,2023-09-21,132.389999,133.190002,131.089996,131.360001,131.360001,22042700
GOOG,2023-09-22,131.679993,133.009995,130.509995,131.25,131.25,17348700
GOOG,2023-09-25,130.770004,132.220001,130.029999,132.169998,132.169998,14650000
GOOG,2023-09-26,130.914001,131.404999,128.190002,129.449997,129.449997,20378800
GOOG,2023-09-27,129.440002,131.720001,129.380005,131.460007,131.460007,18764200
GOOG,2023-09-28,130.690002,134.179993,130.690002,133.130005,133.130005,18201400
GOOG,2023-09-29,134.080002,134.889999,131.320007,131.850006,131.850006,23224200
GOOG,2023-10-02,132.154999,135.360001,132.065002,135.169998,135.169998,19210400
GOOG,2023-10-03,134.929993,135.240005,132.815002,133.300003,133.300003,19628700
GOOG,2023-10-04,133.660004,136.570007,133.429993,136.270004,136.270004,22848000
GOOG,2023-10-05,136.130005,136.5,134.455002,135.990005,135.990005,15922900
GOOG,2023-10-06,134.940002,139.186005,134.940002,138.729996,138.729996,20819300
GOOG,2023-10-09,137.990005,139.970001,136.699997,139.5,139.5,16599100
GOOG,2023-10-10,139.509995,140.740005,138.429993,139.199997,139.199997,19554900
GOOG,2023-10-11,139.850006,142.220001,139.839996,141.699997,141.699997,20146300
GOOG,2023-10-12,142.160004,142.380005,139.449997,140.289993,140.289993,18173100
GOOG,2023-10-13,140.649994,141.339996,137.970001,138.580002,138.580002,19438700
GOOG,2023-10-16,139.729996,140.904999,139.320007,140.490005,140.490005,17345600
GOOG,2023-10-17,140.029999,141.25,138.529007,140.990005,140.990005,17424000
GOOG,2023-10-18,140.75,141.990005,138.705002,139.279999,139.279999,18304900
GOOG,2023-10-19,139.800003,141.005005,138.600006,138.979996,138.979996,21831200
GOOG,2023-10-20,138.589996,139.039993,136.244995,136.740005,136.740005,24953900
GOOG,2023-10-23,136.229996,139.020004,135.110001,137.899994,137.899994,20780700
GOOG,2023-10-24,139.160004,140.710007,138.75,140.119995,140.119995,26535200
GOOG,2023-10-25,129.770004,130.100006,126.089996,126.669998,126.669998,58796100
GOOG,2023-10-26,124.470001,125.459999,122.32,123.440002,123.440002,33907400
GOOG,2023-10-27,124.029999,124.440002,121.459999,123.400002,123.400002,37367700
GOOG,2023-10-30,124.459999,126.550003,123.879997,125.75,125.75,24165600
GOOG,2023-10-31,126.269997,126.559998,123.925003,125.300003,125.300003,21123400
GOOG,2023-11-01,125.339996,127.739998,124.925003,127.57,127.57,26536600
GOOG,2023-11-02,129.559998,130.089996,128.110001,128.580002,128.580002,24091700
GOOG,2023-11-03,129.089996,130.729996,129.009995,130.369995,130.369995,19517900
GOOG,2023-11-06,130.220001,131.559998,129.929993,131.449997,131.449997,15360400
GOOG,2023-11-07,131.979996,133.279999,131.139999,132.399994,132.399994,19223800
GOOG,2023-11-08,132.360001,133.539993,132.160004,133.259995,133.259995,15093600
GOOG,2023-11-09,133.360001,133.960007,131.509995,131.690002,131.690002,17976500
GOOG,2023-11-10,131.529999,134.270004,130.869995,134.059998,134.059998,20872900
GOOG,2023-11-13,133.360001,134.110001,132.770004,133.639999,133.639999,16409900
GOOG,2023-11-14,135.649994,137.240005,135.100006,135.429993,135.429993,22317300
GOOG,2023-11-15,136.639999,136.839996,135.330002,136.380005,136.380005,15840900
GOOG,2023-11-16,136.960007,138.880005,136.080002,138.699997,138.699997,17615100
GOOG,2023-11-17,137.820007,138.0,135.479996,136.940002,136.940002,25565300
GOOG,2023-11-20,135.5,138.425003,135.490005,137.919998,137.919998,19569400
GOOG,2023-11-21,137.940002,138.964996,137.705002,138.619995,138.619995,17648100
GOOG,2023-11-22,139.100006,141.100006,139.0,140.020004,140.020004,17306400
GOOG,2023-11-24,139.539993,139.677002,137.470001,138.220001,138.220001,8828600
GOOG,2023-11-27,137.570007,139.630005,137.539993,138.050003,138.050003,17886400
GOOG,2023-11-28,137.630005,138.660004,137.039993,138.619995,138.619995,17046900
GOOG,2023-11-29,138.985001,139.669998,136.294998,136.399994,136.399994,21014700
GOOG,2023-11-30,136.399994,136.960007,132.789993,133.919998,133.919998,29913500
GOOG,2023-12-01,133.320007,133.5,132.151993,133.320007,133.320007,24258400
GOOG,2023-12-04,131.294006,131.449997,129.399994,130.630005,130.630005,24117100
GOOG,2023-12-05,130.369995,133.539993,129.729996,132.389999,132.389999,19235100
GOOG,2023-12-06,132.899994,133.309998,131.309998,131.429993,131.429993,16360600
GOOG,2023-12-07,136.600006,140.0,136.229996,138.449997,138.449997,38419400
GOOG,2023-12-08,135.660004,137.990005,135.570007,136.639999,136.639999,22990900
GOOG,2023-12-11,133.820007,134.789993,132.889999,134.699997,134.699997,24502900
GOOG,2023-12-12,133.270004,134.539993,132.830002,133.639999,133.639999,26584000
GOOG,2023-12-13,134.544998,134.779999,132.949997,133.970001,133.970001,25414500
GOOG,2023-12-14,134.770004,135.035004,131.059998,133.199997,133.199997,29619100
GOOG,2023-12-15,132.919998,134.830002,132.630005,133.839996,133.839996,58569400
GOOG,2023-12-18,133.860001,138.380005,133.770004,137.190002,137.190002,25699800
GOOG,2023-12-19,138.0,138.770004,137.449997,138.100006,138.100006,20661000
GOOG,2023-12-20,140.330002,143.078003,139.410004,139.660004,139.660004,33507300
GOOG,2023-12-21,140.770004,142.029999,140.473007,141.800003,141.800003,18101500
GOOG,2023-12-22,142.130005,143.25,142.054993,142.720001,142.720001,18494700
GOOG,2023-12-26,142.979996,143.945007,142.5,142.820007,142.820007,11170100
GOOG,2023-12-27,142.830002,143.320007,141.050995,141.440002,141.440002,17288400
GOOG,2023-12-28,141.850006,142.270004,140.828003,141.279999,141.279999,12192500
GOOG,2023-12-29,140.679993,141.434998,139.899994,140.929993,140.929993,14872700
GOOG,2024-01-02,139.600006,140.615005,137.740005,139.559998,139.559998,20071900
GOOG,2024-01-03,138.600006,141.089996,138.429993,140.360001,140.360001,18974300
GOOG,2024-01-04,139.850006,140.634995,138.009995,138.039993,138.039993,18253300
GOOG,2024-01-05,138.352005,138.809998,136.850006,137.389999,137.389999,15433200
GOOG,2024-01-08,138.0,140.639999,137.880005,140.529999,140.529999,17645300
GOOG,2024-01-09,140.059998,142.800003,139.789993,142.559998,142.559998,19579700
GOOG,2024-01-10,142.520004,144.524994,142.460007,143.800003,143.800003,16641900
GOOG,2024-01-11,144.895004,146.660004,142.214996,143.669998,143.669998,17471100
GOOG,2024-01-12,144.339996,144.740005,143.360001,144.240005,144.240005,13995200
GOOG,2024-01-16,143.429993,145.839996,143.056,144.080002,144.080002,19198900
GOOG,2024-01-17,142.910004,143.410004,140.509995,142.889999,142.889999,17884500
GOOG,2024-01-18,143.440002,145.585007,143.350006,144.990005,144.990005,18876800
GOOG,2024-01-19,146.304993,148.039993,145.800003,147.970001,147.970001,27170900
GOOG,2024-01-22,148.710007,150.014999,147.580002,147.710007,147.710007,21829200
GOOG,2024-01-23,147.720001,148.860001,147.190002,148.679993,148.679993,14113600
GOOG,2024-01-24,150.289993,151.570007,149.839996,150.350006,150.350006,19245000
GOOG,2024-01-25,151.740005,154.759995,151.220001,153.639999,153.639999,21495100
GOOG,2024-01-26,152.869995,154.110001,152.800003,153.789993,153.789993,19444966
AAPL,2023-01-26,143.169998,144.25,141.899994,143.960007,143.159821,54105100
AAPL,2023-01-27,143.160004,147.229996,143.080002,145.929993,145.118835,70555800
AAPL,2023-01-30,144.960007,145.550003,142.850006,143.0,142.205154,64015300
AAPL,2023-01-31,142.699997,144.339996,142.279999,144.289993,143.487961,65874500
AAPL,2023-02-01,143.970001,146.610001,141.320007,145.429993,144.621628,77663600
AAPL,2023-02-02,148.899994,151.179993,148.169998,150.820007,149.981674,118339000
AAPL,2023-02-03,148.029999,157.380005,147.830002,154.5,153.64122,154357300
AAPL,2023-02-06,152.570007,153.100006,150.779999,151.729996,150.886612,69858300
AAPL,2023-02-07,150.639999,155.229996,150.639999,154.649994,153.790375,83322600
AAPL,2023-02-08,153.880005,154.580002,151.169998,151.919998,151.075562,64120100
AAPL,2023-02-09,153.779999,154.330002,150.419998,150.869995,150.031387,56007100
AAPL,2023-02-10,149.460007,151.339996,149.220001,151.009995,150.399887,57450700
AAPL,2023-02-13,150.949997,154.259995,150.919998,153.850006,153.228439,62199000
AAPL,2023-02-14,152.119995,153.770004,150.860001,153.199997,152.581055,61707600
AAPL,2023-02-15,153.110001,155.5,152.880005,155.330002,154.702438,65573800
AAPL,2023-02-16,153.509995,156.330002,153.350006,153.710007,153.089005,68167900
AAPL,2023-02-17,152.350006,153.0,150.850006,152.550003,151.933685,59144100
AAPL,2023-02-21,150.199997,151.300003,148.410004,148.479996,147.880127,58867200
AAPL,2023-02-22,148.869995,149.949997,147.160004,148.910004,148.308395,51011300
AAPL,2023-02-23,150.089996,150.339996,147.240005,149.399994,148.796417,48394200
AAPL,2023-02-24,147.110001,147.190002,145.720001,146.710007,146.117294,55469600
AAPL,2023-02-27,147.710007,149.169998,147.449997,147.919998,147.322372,44998500
AAPL,2023-02-28,147.050003,149.080002,146.830002,147.410004,146.814438,50547000
AAPL,2023-03-01,146.830002,147.229996,145.009995,145.309998,144.722931,55479000
AAPL,2023-03-02,144.380005,146.710007,143.899994,145.910004,145.320526,52238100
AAPL,2023-03-03,148.039993,151.110001,147.330002,151.029999,150.41983,70732300
AAPL,2023-03-06,153.789993,156.300003,153.460007,153.830002,153.208527,87558000
AAPL,2023-03-07,153.699997,154.029999,151.130005,151.600006,150.987518,56182000
AAPL,2023-03-08,152.809998,153.470001,151.830002,152.869995,152.252396,47204800
AAPL,2023-03-09,153.559998,154.539993,150.229996,150.589996,149.981598,53833600
AAPL,2023-03-10,150.210007,150.940002,147.610001,148.5,147.90004,68572400
AAPL,2023-03-13,147.809998,153.139999,147.699997,150.470001,149.862076,84457100
AAPL,2023-03-14,151.279999,153.399994,150.100006,152.589996,151.973526,73695900
AAPL,2023-03-15,151.190002,153.25,149.919998,152.990005,152.371918,77167900
AAPL,2023-03-16,152.160004,156.460007,151.639999,155.850006,155.220352,76161100
AAPL,2023-03-17,156.080002,156.740005,154.279999,155.0,154.373779,98944600
AAPL,2023-03-20,155.070007,157.820007,154.149994,157.399994,156.764084,73641400
AAPL,2023-03-21,157.320007,159.399994,156.539993,159.279999,158.636505,73938300
AAPL,2023-03-22,159.300003,162.139999,157.809998,157.830002,157.192368,75701800
AAPL,2023-03-23,158.830002,161.550003,157.679993,158.929993,158.287888,67622100
AAPL,2023-03-24,158.860001,160.339996,157.850006,160.25,159.60257,59196500
AAPL,2023-03-27,159.940002,160.770004,157.869995,158.279999,157.640533,52390300
AAPL,2023-03-28,157.970001,158.490005,155.979996,157.649994,157.013062,45992200
AAPL,2023-03-29,159.369995,161.050003,159.350006,160.770004,160.120468,51305700
AAPL,2023-03-30,161.529999,162.470001,161.270004,162.360001,161.704056,49501700
AAPL,2023-03-31,162.440002,165.0,161.910004,164.899994,164.233765,68749800
AAPL,2023-04-03,164.270004,166.289993,164.220001,166.169998,165.498657,56976200
AAPL,2023-04-04,166.600006,166.839996,165.110001,165.630005,164.960846,46278300
AAPL,2023-04-05,164.740005,165.050003,161.800003,163.759995,163.098389,51511700
AAPL,2023-04-06,162.429993,164.960007,162.0,164.660004,163.994766,45390100
AAPL,2023-04-10,161.419998,162.029999,160.080002,162.029999,161.375397,47716900
AAPL,2023-04-11,162.350006,162.360001,160.509995,160.800003,160.15036,47644200
AAPL,2023-04-12,161.220001,162.059998,159.779999,160.100006,159.453186,50133100
AAPL,2023-04-13,161.630005,165.800003,161.419998,165.559998,164.891113,68445600
AAPL,2023-04-14,164.589996,166.320007,163.820007,165.210007,164.542542,49386500
AAPL,2023-04-17,165.089996,165.389999,164.029999,165.229996,164.562454,41516200
AAPL,2023-04-18,166.100006,167.410004,165.649994,166.470001,165.797455,49923000
AAPL,2023-04-19,165.800003,168.160004,165.539993,167.630005,166.952774,47720200
AAPL,2023-04-20,166.089996,167.869995,165.559998,166.649994,165.9767,52456400
AAPL,2023-04-21,165.050003,166.449997,164.490005,165.020004,164.353317,58337300
AAPL,2023-04-24,165.0,165.600006,163.889999,165.330002,164.662064,41949600
AAPL,2023-04-25,165.190002,166.309998,163.729996,163.770004,163.108353,48714100
AAPL,2023-04-26,163.059998,165.279999,162.800003,163.759995,163.098389,45498800
AAPL,2023-04-27,165.190002,168.559998,165.190002,168.410004,167.72963,64902300
AAPL,2023-04-28,168.490005,169.850006,167.880005,169.679993,168.994476,55209200
AAPL,2023-05-01,169.279999,170.449997,168.639999,169.589996,168.904846,52472900
AAPL,2023-05-02,170.089996,170.350006,167.539993,168.539993,167.85907,48425700
AAPL,2023-05-03,169.5,170.919998,167.160004,167.449997,166.773468,65136000
AAPL,2023-05-04,164.889999,167.039993,164.309998,165.789993,165.120178,81235400
AAPL,2023-05-05,170.979996,174.300003,170.759995,173.570007,172.868774,113316400
AAPL,2023-05-08,172.479996,173.850006,172.110001,173.5,172.799042,55962800
AAPL,2023-05-09,173.050003,173.539993,171.600006,171.770004,171.076035,45326900
AAPL,2023-05-10,173.020004,174.029999,171.899994,173.559998,172.85881,53724500
AAPL,2023-05-11,173.850006,174.589996,172.169998,173.75,173.048019,49514700
AAPL,2023-05-12,173.619995,174.059998,171.0,172.570007,172.11055,45497800
AAPL,2023-05-15,173.160004,173.210007,171.470001,172.070007,171.611877,37266700
AAPL,2023-05-16,171.990005,173.139999,171.800003,172.070007,171.611877,42110300
AAPL,2023-05-17,171.710007,172.929993,170.419998,172.690002,172.230225,57951600
AAPL,2023-05-18,173.0,175.240005,172.580002,175.050003,174.583939,65496700
AAPL,2023-05-19,176.389999,176.389999,174.940002,175.160004,174.693649,55772400
AAPL,2023-05-22,173.979996,174.710007,173.449997,174.199997,173.736191,43570900
AAPL,2023-05-23,173.130005,173.380005,171.279999,171.559998,171.103226,50747300
AAPL,2023-05-24,171.089996,172.419998,170.520004,171.839996,171.382477,45143500
AAPL,2023-05-25,172.410004,173.899994,171.690002,172.990005,172.529419,56058300
AAPL,2023-05-26,173.320007,175.770004,173.110001,175.429993,174.962906,54835000
AAPL,2023-05-30,176.960007,178.990005,176.570007,177.300003,176.827942,55964400
AAPL,2023-05-31,177.330002,179.350006,176.759995,177.25,176.778061,99625300
AAPL,2023-06-01,177.699997,180.119995,176.929993,180.089996,179.610504,68901800
AAPL,2023-06-02,181.029999,181.779999,179.259995,180.949997,180.468216,61945900
AAPL,2023-06-05,182.630005,184.949997,178.039993,179.580002,179.101868,121946500
AAPL,2023-06-06,179.970001,180.119995,177.429993,179.210007,178.732849,64848400
AAPL,2023-06-07,178.440002,181.210007,177.320007,177.820007,177.346558,61944600
AAPL,2023-06-08,177.899994,180.839996,177.460007,180.570007,180.089233,50214900
AAPL,2023-06-09,181.5,182.229996,180.630005,180.960007,180.478195,48870700
AAPL,2023-06-12,181.270004,183.889999,180.970001,183.789993,183.300644,54274900
AAPL,2023-06-13,182.800003,184.149994,182.440002,183.309998,182.821945,54929100
AAPL,2023-06-14,183.369995,184.389999,182.020004,183.949997,183.460236,57462900
AAPL,2023-06-15,183.960007,186.520004,183.779999,186.009995,185.51474,65433200
AAPL,2023-06-16,186.729996,186.990005,184.270004,184.919998,184.427643,101235600
AAPL,2023-06-20,184.410004,186.100006,184.410004,185.009995,184.51741,49799100
AAPL,2023-06-21,184.899994,185.410004,182.589996,183.960007,183.470215,49515700
AAPL,2023-06-22,183.740005,187.050003,183.669998,187.0,186.502121,51245300
AAPL,2023-06-23,185.550003,187.559998,185.009995,186.679993,186.182953,53079300
AAPL,2023-06-26,186.830002,188.050003,185.229996,185.270004,184.776733,48088700
AAPL,2023-06-27,185.889999,188.389999,185.669998,188.059998,187.55928,50730800
AAPL,2023-06-28,187.929993,189.899994,187.600006,189.25,188.746124,51216800
AAPL,2023-06-29,189.080002,190.070007,188.940002,189.589996,189.085205,46347300
AAPL,2023-06-30,191.630005,194.479996,191.259995,193.970001,193.453568,85069600
AAPL,2023-07-03,193.779999,193.880005,191.759995,192.460007,191.947586,31458200
AAPL,2023-07-05,191.570007,192.979996,190.619995,191.330002,190.820587,46920300
AAPL,2023-07-06,189.839996,192.020004,189.199997,191.809998,191.299301,45094300
AAPL,2023-07-07,191.410004,192.669998,190.240005,190.679993,190.172302,46778000
AAPL,2023-07-10,189.259995,189.990005,187.039993,188.610001,188.107834,59922200
AAPL,2023-07-11,189.160004,189.300003,186.600006,188.080002,187.579254,46638100
AAPL,2023-07-12,189.679993,191.699997,188.470001,189.770004,189.26474,60750200
AAPL,2023-07-13,190.5,191.190002,189.779999,190.539993,190.032669,41342300
AAPL,2023-07-14,190.229996,191.179993,189.630005,190.690002,190.182281,41573900
AAPL,2023-07-17,191.899994,194.320007,191.809998,193.990005,193.473511,50520200
AAPL,2023-07-18,193.350006,194.330002,192.419998,193.729996,193.214188,48353800
AAPL,2023-07-19,193.100006,198.229996,192.649994,195.100006,194.580551,80507300
AAPL,2023-07-20,195.089996,196.470001,192.5,193.130005,192.615799,59581200
AAPL,2023-07-21,194.100006,194.970001,191.229996,191.940002,191.42897,71917800
AAPL,2023-07-24,193.410004,194.910004,192.25,192.75,192.236801,45377800
AAPL,2023-07-25,193.330002,194.440002,192.919998,193.619995,193.104492,37283200
AAPL,2023-07-26,193.669998,195.639999,193.320007,194.5,193.982147,47471900
AAPL,2023-07-27,196.020004,197.199997,192.550003,193.220001,192.705551,47460200
AAPL,2023-07-28,194.669998,196.630005,194.139999,195.830002,195.308609,48291400
AAPL,2023-07-31,196.059998,196.490005,195.259995,196.449997,195.926956,38824100
AAPL,2023-08-01,196.240005,196.729996,195.279999,195.610001,195.089188,35175100
AAPL,2023-08-02,195.039993,195.179993,191.850006,192.580002,192.067245,50389300
AAPL,2023-08-03,191.570007,192.369995,190.690002,191.169998,190.661011,61235200
AAPL,2023-08-04,185.520004,187.380005,181.919998,181.990005,181.505463,115799700
AAPL,2023-08-07,182.130005,183.130005,177.350006,178.850006,178.37381,97576100
AAPL,2023-08-08,179.690002,180.270004,177.580002,179.800003,179.321274,67823000
AAPL,2023-08-09,180.869995,180.929993,177.009995,178.190002,177.715561,60378500
AAPL,2023-08-10,179.479996,180.75,177.600006,177.970001,177.496155,54686900
AAPL,2023-08-11,177.320007,178.619995,176.550003,177.789993,177.556076,51988100
AAPL,2023-08-14,177.970001,179.690002,177.309998,179.460007,179.223892,43675600
AAPL,2023-08-15,178.880005,179.479996,177.050003,177.449997,177.216522,43622600
AAPL,2023-08-16,177.130005,178.539993,176.5,176.570007,176.337692,46964900
AAPL,2023-08-17,177.139999,177.509995,173.479996,174.0,173.771072,66062900
AAPL,2023-08-18,172.300003,175.100006,171.960007,174.490005,174.260422,61114200
AAPL,2023-08-21,175.070007,176.130005,173.740005,175.839996,175.608643,46311900
AAPL,2023-08-22,177.059998,177.679993,176.25,177.229996,176.996811,42084200
AAPL,2023-08-23,178.520004,181.550003,178.330002,181.119995,180.881699,52722800
AAPL,2023-08-24,180.669998,181.100006,176.009995,176.380005,176.147934,54945800
AAPL,2023-08-25,177.380005,179.149994,175.820007,178.610001,178.375,51449600
AAPL,2023-08-28,180.089996,180.589996,178.550003,180.190002,179.952927,43820700
AAPL,2023-08-29,179.699997,184.899994,179.5,184.119995,183.877747,53003900
AAPL,2023-08-30,184.940002,187.850006,184.740005,187.649994,187.403107,60813900
AAPL,2023-08-31,187.839996,189.119995,187.479996,187.869995,187.622818,60794500
AAPL,2023-09-01,189.490005,189.919998,188.279999,189.460007,189.210739,45732600
AAPL,2023-09-05,188.279999,189.979996,187.610001,189.699997,189.450409,45280000
AAPL,2023-09-06,188.399994,188.850006,181.470001,182.910004,182.669342,81755800
AAPL,2023-09-07,175.179993,178.210007,173.539993,177.559998,177.326385,112488800
AAPL,2023-09-08,178.350006,180.240005,177.789993,178.179993,177.945557,65551300
AAPL,2023-09-11,180.070007,180.300003,177.339996,179.360001,179.124008,58953100
AAPL,2023-09-12,179.490005,180.130005,174.820007,176.300003,176.068039,90370200
AAPL,2023-09-13,176.509995,177.300003,173.979996,174.210007,173.980789,84267900
AAPL,2023-09-14,174.0,176.100006,173.580002,175.740005,175.508789,60895800
AAPL,2023-09-15,176.479996,176.5,173.820007,175.009995,174.779724,109205100
AAPL,2023-09-18,176.479996,179.380005,176.169998,177.970001,177.73584,67257600
AAPL,2023-09-19,177.520004,179.630005,177.130005,179.070007,178.834396,51826900
AAPL,2023-09-20,179.259995,179.699997,175.399994,175.490005,175.259109,58436200
AAPL,2023-09-21,174.550003,176.300003,173.860001,173.929993,173.701157,63047900
AAPL,2023-09-22,174.669998,177.080002,174.050003,174.789993,174.560013,56725400
AAPL,2023-09-25,174.199997,176.970001,174.149994,176.080002,175.848328,46172700
AAPL,2023-09-26,174.820007,175.199997,171.660004,171.960007,171.733749,64588900
AAPL,2023-09-27,172.619995,173.039993,169.050003,170.429993,170.20575,66921800
AAPL,2023-09-28,169.339996,172.029999,167.619995,170.690002,170.465424,56294400
AAPL,2023-09-29,172.020004,173.070007,170.339996,171.210007,170.984741,51814200
AAPL,2023-10-02,171.220001,174.300003,170.929993,173.75,173.521393,52164500
AAPL,2023-10-03,172.259995,173.630005,170.820007,172.399994,172.173172,49594600
AAPL,2023-10-04,171.089996,174.210007,170.970001,173.660004,173.431519,53020300
AAPL,2023-10-05,173.789993,175.449997,172.679993,174.910004,174.679871,48527900
AAPL,2023-10-06,173.800003,177.990005,173.179993,177.490005,177.256485,57224100
AAPL,2023-10-09,176.809998,179.050003,175.800003,178.990005,178.754501,42390800
AAPL,2023-10-10,178.100006,179.720001,177.949997,178.389999,178.155289,43698000
AAPL,2023-10-11,178.199997,179.850006,177.600006,179.800003,179.563431,47551100
AAPL,2023-10-12,180.070007,182.339996,179.039993,180.710007,180.472244,56743100
AAPL,2023-10-13,181.419998,181.929993,178.139999,178.850006,178.614685,51427100
AAPL,2023-10-16,176.75,179.080002,176.509995,178.720001,178.484863,52517000
AAPL,2023-10-17,176.649994,178.419998,174.800003,177.149994,176.916916,57549400
AAPL,2023-10-18,175.580002,177.580002,175.110001,175.839996,175.608643,54764400
AAPL,2023-10-19,176.039993,177.839996,175.190002,175.460007,175.229156,59302900
AAPL,2023-10-20,175.309998,175.419998,172.639999,172.880005,172.652542,64189300
AAPL,2023-10-23,170.910004,174.009995,169.929993,173.0,172.772385,55980100
AAPL,2023-10-24,173.050003,173.669998,171.449997,173.440002,173.211807,43816600
AAPL,2023-10-25,171.880005,173.059998,170.649994,171.100006,170.874893,57157000
AAPL,2023-10-26,170.369995,171.380005,165.669998,166.889999,166.670425,70625300
AAPL,2023-10-27,166.910004,168.960007,166.830002,168.220001,167.998672,58499100
AAPL,2023-10-30,169.020004,171.169998,168.869995,170.289993,170.065933,51131000
AAPL,2023-10-31,169.350006,170.899994,167.899994,170.770004,170.545319,44846000
AAPL,2023-11-01,171.0,174.229996,170.119995,173.970001,173.741104,56934900
AAPL,2023-11-02,175.520004,177.779999,175.460007,177.570007,177.33638,77334800
AAPL,2023-11-03,174.240005,176.820007,173.350006,176.649994,176.417572,79763700
AAPL,2023-11-06,176.380005,179.429993,176.210007,179.229996,178.994186,63841300
AAPL,2023-11-07,179.179993,182.440002,178.970001,181.820007,181.58078,70530000
AAPL,2023-11-08,182.350006,183.449997,181.589996,182.889999,182.649368,49340300
AAPL,2023-11-09,182.960007,184.119995,181.809998,182.410004,182.169998,53763500
AAPL,2023-11-10,183.970001,186.570007,183.529999,186.399994,186.399994,66133400
AAPL,2023-11-13,185.820007,186.029999,184.210007,184.800003,184.800003,43627500
AAPL,2023-11-14,187.699997,188.110001,186.300003,187.440002,187.440002,60108400
AAPL,2023-11-15,187.850006,189.5,187.779999,188.009995,188.009995,53790500
AAPL,2023-11-16,189.570007,190.960007,188.649994,189.710007,189.710007,54412900
AAPL,2023-11-17,190.25,190.380005,188.570007,189.690002,189.690002,50922700
AAPL,2023-11-20,189.889999,191.910004,189.880005,191.449997,191.449997,46505100
AAPL,2023-11-21,191.410004,191.520004,189.740005,190.639999,190.639999,38134500
AAPL,2023-11-22,191.490005,192.929993,190.830002,191.309998,191.309998,39617700
AAPL,2023-11-24,190.869995,190.899994,189.25,189.970001,189.970001,24048300
AAPL,2023-11-27,189.919998,190.669998,188.899994,189.789993,189.789993,40552600
AAPL,2023-11-28,189.779999,191.080002,189.399994,190.399994,190.399994,38415400
AAPL,2023-11-29,190.899994,192.089996,188.970001,189.369995,189.369995,43014200
AAPL,2023-11-30,189.839996,190.320007,188.190002,189.949997,189.949997,48794400
AAPL,2023-12-01,190.330002,191.559998,189.229996,191.240005,191.240005,45679300
AAPL,2023-12-04,189.979996,190.050003,187.449997,189.429993,189.429993,43389500
AAPL,2023-12-05,190.210007,194.399994,190.179993,193.419998,193.419998,66628400
AAPL,2023-12-06,194.449997,194.759995,192.110001,192.320007,192.320007,41089700
AAPL,2023-12-07,193.630005,195.0,193.589996,194.270004,194.270004,47477700
AAPL,2023-12-08,194.199997,195.990005,193.669998,195.710007,195.710007,53377300
AAPL,2023-12-11,193.110001,193.490005,191.419998,193.179993,193.179993,60943700
AAPL,2023-12-12,193.080002,194.720001,191.720001,194.710007,194.710007,52696900
AAPL,2023-12-13,195.089996,198.0,194.850006,197.960007,197.960007,70404200
AAPL,2023-12-14,198.020004,199.619995,196.160004,198.110001,198.110001,66831600
AAPL,2023-12-15,197.529999,198.399994,197.0,197.570007,197.570007,128256700
AAPL,2023-12-18,196.089996,196.630005,194.389999,195.889999,195.889999,55751900
AAPL,2023-12-19,196.160004,196.949997,195.889999,196.940002,196.940002,40714100
AAPL,2023-12-20,196.899994,197.679993,194.830002,194.830002,194.830002,52242800
AAPL,2023-12-21,196.100006,197.080002,193.5,194.679993,194.679993,46482500
AAPL,2023-12-22,195.179993,195.410004,192.970001,193.600006,193.600006,37122800
AAPL,2023-12-26,193.610001,193.889999,192.830002,193.050003,193.050003,28919300
AAPL,2023-12-27,192.490005,193.5,191.089996,193.149994,193.149994,48087700
AAPL,2023-12-28,194.139999,194.660004,193.169998,193.580002,193.580002,34049900
AAPL,2023-12-29,193.899994,194.399994,191.729996,192.529999,192.529999,42628800
AAPL,2024-01-02,187.149994,188.440002,183.889999,185.639999,185.639999,82488700
AAPL,2024-01-03,184.220001,185.880005,183.429993,184.25,184.25,58414500
AAPL,2024-01-04,182.149994,183.089996,180.880005,181.910004,181.910004,71983600
AAPL,2024-01-05,181.990005,182.759995,180.169998,181.179993,181.179993,62303300
AAPL,2024-01-08,182.089996,185.600006,181.5,185.559998,185.559998,59144500
AAPL,2024-01-09,183.919998,185.149994,182.729996,185.139999,185.139999,42841800
AAPL,2024-01-10,184.350006,186.399994,183.919998,186.190002,186.190002,46792900
AAPL,2024-01-11,186.539993,187.050003,183.619995,185.589996,185.589996,49128400
AAPL,2024-01-12,186.059998,186.740005,185.190002,185.919998,185.919998,40444700
AAPL,2024-01-16,182.160004,184.259995,180.929993,183.630005,183.630005,65603000
AAPL,2024-01-17,181.270004,182.929993,180.300003,182.679993,182.679993,47317400
AAPL,2024-01-18,186.089996,189.139999,185.830002,188.630005,188.630005,78005800
AAPL,2024-01-19,189.330002,191.949997,188.820007,191.559998,191.559998,68741000
AAPL,2024-01-22,192.300003,195.330002,192.259995,193.889999,193.889999,60133900
AAPL,2024-01-23,195.020004,195.75,193.830002,195.179993,195.179993,42355600
AAPL,2024-01-24,195.419998,196.380005,194.339996,194.5,194.5,53631300
AAPL,2024-01-25,195.220001,196.270004,193.110001,194.169998,194.169998,54822100
AAPL,2024-01-26,194.270004,194.759995,191.940002,192.419998,192.419998,44553400
